description,height,weight,base_experience,is_legendary,is_mythical,generation,hp,attack,defense,special-attack,special-defense,speed
POKeMON kome se divili od prošlosti zbog svoje lepote. Trči okretno kao na krilima. Legendarni POKe MON u Kini. Mnogi ljudi su očarani njegovom gracioznošću i lepotom dok trče. Ovaj legendarni kineski POKEMON smatra se veličanstvenim. Mnogi ljudi su očarani njegovom velikom grivom.,19,1550,194,FALSE,FALSE,generation-i,90,110,80,100,80,95
"Živeo je u džungli pre oko 100 miliona godina. Lobanja mu je tvrda kao gvožđe. Vaskrsao je iz fosila nalik gvozdenoj kugli. Obara plen udarcima glavom. Doživotni stanovnik džungle od pre 100 miliona godina, lomio bi drveće koje je ometalo udarcima glavom.",9,315,70,FALSE,FALSE,generation-iv,67,125,40,30,30,58
"GARDEVOIR ima sposobnost čitanja budućnosti. Ako oseti preteću opasnost za svog TRENERA, kaže se da ovaj POKeMON oslobađa svoju psihokinetičku energiju punom snagom. GARDEVOIR ima psihokinetičku moć da iskrivi dimenzije i stvori malu crnu rupu. Ovaj POKeMON će pokušati da zaštiti svog TRENERA čak i rizikujući sopstveni život. Očigledno ne oseća privlačenje gravitacije jer se podržava psihičkom snagom. Daće svoj život da zaštiti svog TRENERA.",16,484,233,FALSE,FALSE,generation-iii,68,65,65,125,115,80
"VIGOROT uvek svrbi i uznemiren da divlja. Jednostavno ne može da toleriše mirno sedenje ni minut. Nivo stresa ovog POKeMON-a raste ako se ne može stalno kretati. VIGOROT jednostavno nije u stanju da ostane miran. Čak i kada pokuša da zaspi, krv u njegovim venama se uznemiri, primoravajući ovog POKEMONA da divlja po džungli pre nego što se smiri. Ne može da miruje jer mu krv ključa od energije. Po ceo dan trči kroz polja i planine da se smiri. Ako nije, ne može da spava noću.",14,465,154,FALSE,FALSE,generation-iii,80,80,80,55,55,90
"Koristi svoju snažnu psihičku moć da stisne mozak svog protivnika, izazivajući nepodnošljive glavobolje. Ovaj Pokemon nikada nije viđen dok se nije pojavio izdaleka u pustinji pre 50 godina. Glasine o njegovom poreklu povezuju se sa mestom pada NLO-a u pustinji pre 50 godina.",5,90,67,FALSE,FALSE,generation-v,55,55,55,85,55,30
"Miris začina dolazi oko njegovog vrata. Nekako, ako ga njušite, poželite da se borite. Začinska aroma izvire iz njegovog vrata. Aroma deluje kao stimulans za obnavljanje zdravlja. Miris koji se širi iz lišća na njegovom vratu izaziva da svako ko ga oseti da postane energičan.",12,158,142,FALSE,FALSE,generation-ii,60,62,80,63,80,60
"Ovaj Pokemon može lako da otopi rupe u tvrdim stenama tečnošću koja se izlučuje iz njegovih usta. Pravi rupu u odgovarajućoj steni. Ako se taj kamen razbije, Pokemon ostaje uznemiren dok ne pronađe zamenu. Kada pronađe kamen odgovarajuće veličine, luči tečnost iz svojih usta da otvori rupu u koju može da se uvuče.",3,145,65,FALSE,FALSE,generation-v,50,65,85,35,35,55
"Organ koji emituje svoju intenzivnu psihičku moć je zaklonjen ušima kako ne bi došlo do curenja snage. Ima dovoljno psihičke energije da raznese sve u krugu od 300 stopa od sebe, ali nema kontrolu nad svojom moći. Iako se Espurrov izraz nikada ne menja, iza tog praznog pogleda krije se intenzivna borba da se obuzda njegova razorna psihička moć.",3,35,71,FALSE,FALSE,generation-vi,62,48,54,63,60,68
Pokemon koji su formirala još trojica. Užurbano nosi slatki cvetni med do VESPIKUEN-a. Sakuplja i isporučuje med svojoj koloniji. Noću se skupljaju u košnicu i spavaju. Trio je zajedno od rođenja. Stalno skuplja med sa cveća da bi zadovoljio VESPIKUEN.,3,55,49,FALSE,FALSE,generation-iv,30,30,42,30,42,70
"Rođen na hladnom morskom dnu, preplivaće velike udaljenosti da bi se vratio u svoje rodno mesto. Voda čini 80% njegovog tela. Na ovog Pokemona lako utiče okruženje. Rođen je sa čudesnom moći koja mu omogućava da se poveže sa bilo kojom vrstom Pokemona.",3,14,270,FALSE,TRUE,generation-iv,100,100,100,100,100,100
"Jedenje grančice ispunjava ga energijom, a njegove prostrane uši daju oduška vazduhu toplijem od 390 stepeni Farenhajta. Dok hoda, gricka grančicu umesto užine. On zastrašuje protivnike tako što izbacuje vreli vazduh iz ušiju.",4,94,61,FALSE,FALSE,generation-vi,40,45,40,62,60,60
"FEEBAS-ova peraja su raščupana i otrcana od početka svog života. Zbog svog lošeg izgleda, ovaj POKeMON se uglavnom ignoriše. Može da živi i u moru i u rekama. Dok je FEEBAS-ovo telo u dronjcima, ono ima izdržljivu i upornu životnu snagu koja mu omogućava da živi bilo gde. Međutim, ovaj POKeMON je takođe spor i glup, što ga čini lakim ulovom. FEEBAS žive u barama koje su jako zaražene korovom. Zbog svog beznadežno otrcanog izgleda, izgleda kao da ga malo TRENERA podiže.",6,74,40,FALSE,FALSE,generation-iii,20,15,20,10,55,80
On slobodno kontroliše tri male jedinice zvane Mini-Noses koristeći magnetnu silu. Odiše jakim magnetizmom sa svih strana. Kontroliše tri male jedinice nazvane Mini-Noses. Kontroliše tri jedinice zvane Mini-nosovi koristeći magnetnu silu. Sa njima može napasti neprijatelja iz tri pravca.,14,3400,184,FALSE,FALSE,generation-iv,60,55,145,75,150,40
"Bore se za svoje prijatelje ne razmišljajući o opasnosti po sebe. Može se nositi auto dok leti. Što više ožiljaka imaju, više poštovanja imaju ovi hrabri vojnici neba od svojih vršnjaka. Zbog svojih prijatelja, ovaj hrabri nebeski ratnik neće prestati da se bori, čak i ako je povređen.",15,410,179,FALSE,FALSE,generation-v,100,123,75,57,75,80
"Pronađen širom regiona Galar, ovaj Pokemon postaje nelagodan ako su mu obrazi ikada potpuno prazni od bobica. Neprestano jede bobice - navika koja ga je učinila otpornijim nego što izgleda. Pojaviće se na farmama, tražeći još bobica.",3,25,55,FALSE,FALSE,generation-viii,70,55,55,35,35,25
"Živi blizu vode. Njegov dugačak rep je izbočen sa perajem koje se često pogrešno smatra sireninim. Njegova ćelijska struktura je slična molekulima vode. Otopiće se i postati nevidljiv u vodi. Kada VAPOREON-ova peraja počnu da vibriraju, to je znak da će kiša doći za nekoliko sati.",10,290,184,FALSE,FALSE,generation-i,130,65,60,110,95,65
"Ovaj Pokemon ima vilicu koja je oštra kao koplje i jaka kao čelik. Očigledno je i Barraskevdino meso iznenađujuće ukusno. Okreće svoja repna peraja da bi se pokrenula, jureći napred brzinom od preko 100 čvorova pre nego što nabije plen i zabije ga kopljem.",13,300,172,FALSE,FALSE,generation-viii,61,123,60,60,50,136
"Predvodi grupu Pavniarda. Bori se da postane šef, ali će biti izbačen iz grupe ako izgubi. Bišarp proganja plen u društvu velike grupe Pavniarda. Onda Bišarp dokrajči plen. Ovaj nemilosrdni Pokemon naređuje grupi Pavniarda da lovi plen do nepokretnosti. Zatim se kreće da dokrajči plen.",16,700,172,FALSE,FALSE,generation-v,65,125,100,60,70,70
"Koristi finu dlaku koja prekriva njegovo telo da oseti vazdušne struje i predvidi svoje postupke. Čitajući vazdušne struje, može da predvidi stvari kao što su vreme ili sledeći potez svog neprijatelja. Vrh njegovog račvastog repa podrhtava kada predviđa sledeći potez svog protivnika.",9,265,184,FALSE,FALSE,generation-ii,65,65,60,130,95,110
"Ima saosećajnu ličnost, ali ako je ljuta, svojim intenzivnim dahom potpuno uništava svoju okolinu. Ovaj Pokemon je prijateljski raspoložen prema ljudima i najviše voli decu. Dolazi iz dubokih planina da se igra sa decom koju voli u gradu. Ako je maltretirano dete sa kojim se sprijateljilo, Drampa će pronaći nasilnikovu kuću i spaliti je do temelja.",30,1850,170,FALSE,FALSE,generation-vii,78,60,85,135,91,36
Voli da se igra sa drugima svoje vrste koristeći vodeni prsten na repu. Koristi ultrazvučne talase da oseti emocije drugih živih bića. Njegov vodeni prsten je napravljen od morske vode pomešane sa lepljivom tečnošću koju Finizen luči iz svog duvačkog otvora.,13,602,63,FALSE,FALSE,generation-ix,70,45,40,45,40,75
"CIMECHO čini da njegovi krici odjekuju unutar njegovog šupljeg tela. Kada se ovaj POKeMON razbesne, njegovi krici rezultiraju ultrazvučnim talasima koji imaju moć da obore neprijatelje koji lete. Na jakom vetru, CHIMECHO plače dok visi sa grane drveta ili strehe zgrade koristeći usisnu čašu na glavi. Ovaj POKeMON čupa bobice svojim dugim repom i jede ih. Vrlo aktivno lete kada dođe vruća sezona. Oni međusobno komuniciraju koristeći sedam različitih i prepoznatljivih povika.",6,10,159,FALSE,FALSE,generation-iii,75,50,80,95,90,65
"VAILMER-ove nozdrve se nalaze iznad očiju. Ovaj razigrani POKeMON voli da zastraši ljude nasilnim šmrkanjem morske vode koju čuva u svom telu iz nozdrva. VAILMER može da skladišti vodu u svom telu da bi se transformisao u loptu za poskakivanje po zemlji. Napunivši se sa više vode, ovaj POKeMON može podići visinu svojih odskoka. Iako ovaj POKeMON obično živi u moru, može preživeti na kopnu, iako ne predugo. Gubi vitalnost ako mu se telo isuši.",20,1300,80,FALSE,FALSE,generation-iii,130,70,35,70,35,60
"Spušta se niz padine da se kreće. Prevrće se preko bilo koje prepreke bez usporavanja ili promene smera. Često se može videti kako se kotrlja niz planinske staze. Prepreke su samo stvari koje treba prevrnuti, a ne izbegavati. Slobodne i bezbrižne prirode, nema ništa protiv ako se komadi odlome dok se kotrlja niz planine.",10,1050,137,FALSE,FALSE,generation-i,55,95,115,45,45,35
"Živi sam, daleko od drugih. Očigledno, svako od njih veruje da je to najvažnije. Njegova krila zadaju zle udarce koji lome i najdeblje drveće. Traži plen u ledenim morima. Pošto svaki PRINPLUP sebe smatra najvažnijim, oni nikada ne mogu da formiraju grupu.",8,230,142,FALSE,FALSE,generation-iv,64,66,68,81,76,50
"Skoro nesposoban da se kreće, ovaj POKeMON može samo da očvrsne svoju školjku da bi se zaštitio od predatora. Može da se kreće samo malo. Kada je ugrožena, može ispružiti žalac i otrovati svog neprijatelja. Iako je čaura, može se malo pomeriti. Može proširiti svoju otrovnu bodljiku ako je napadnuta.",6,100,72,FALSE,FALSE,generation-i,45,25,50,25,25,35
"LINOONE uvek radi punom brzinom i samo po pravim linijama. Ako se suoči sa preprekom, skreće pod pravim uglom da bi je izbegao. Ovaj POKeMON je veoma izazovan putevima koji se lagano zavijaju. Prilikom lova, LINOONE će u punom trku krenuti pravo ka plenu. Iako ovaj POKeMON može dostići brzinu od 60 milja na sat, mora da se zaustavi pre nego što se okrene. Izuzetno je brz ako samo mora da trči pravolinijski. Kada pod vodom uoči plen koji živi u bari, brzo uskoči i uhvati ga svojim oštrim kandžama.",5,325,147,FALSE,FALSE,generation-iii,78,70,61,50,61,100
"Kada gađa neprijatelja, bijesno juriša dok šiba svoje telo svojim dugim repovima. Bučni POKeMON sa puno izdržljivosti. Jednom kada trči, neće stati dok ne udari u nešto. Oni se bore jedni protiv drugih rogovima. Zaštitnik stada ponosi se svojim rogovima sa ožiljcima od šišmiša.",14,884,172,FALSE,FALSE,generation-i,75,100,95,40,70,110
"Ovi ptičji Pokemoni su odlični ronioci. Oni plivaju u vodi jedući svoju omiljenu hranu - tresetnu mahovinu. Kada je napadnut, koristi svoje perje da prska vodu, bežeći pod okriljem spreja. Oni bolje plivaju nego lete i rado jedu svoju omiljenu hranu, tresetnu mahovinu, dok rone pod vodom.",5,55,61,FALSE,FALSE,generation-v,62,44,50,44,50,55
"Takmičeći se za teritoriju, Crustle se žestoko bori. Onaj čija je gromada slomljena je gubitnik bitke. Poseduje noge ogromne snage, što mu omogućava da nosi teške ploče mnogo dana, čak i kada prelazi bezvodno zemljište. Kada se njegova stena razbije u bitkama za teritoriju, oseća se nesigurno i počinje da slabi.",14,2000,170,FALSE,FALSE,generation-v,70,105,125,65,75,45
"Jedna od nekoliko misterioznih Ultra zveri. Ljudi na ulici prijavljuju da posmatraju kako oni koji su zaraženi odjednom postaju nasilni. Jedna od Ultra zveri. Nije jasno da li je ovaj Pokemon razuman ili ne, ali ponekad se može primetiti da se ponaša kao mlada devojka. Životni oblik iz drugog sveta, nazvan je UB i smatra se da proizvodi jak neurotoksin.",12,555,257,FALSE,FALSE,generation-vii,109,53,47,127,131,103
Kaže se da živi u drugom svetu. Intenzivna svetlost koju zrači sa površine svog tela može učiniti da najmračnije noći zasvetle poput podneva. Za ovog Pokemona se kaže da je muška evolucija Kosmoga. Aktiviranjem svog trećeg oka odlazi u drugi svet. Ponekad je rezultat njenog otvaranja Ultra crvotočine to što se energija i oblici života iz drugih svetova pozivaju ovde u ovaj svet.,34,2300,306,TRUE,FALSE,generation-vii,137,137,107,113,89,97
"Dok uljuljkava svoje neprijatelje svojim praznim izgledom, ovaj lukavi POKeMON će koristiti psihokinetičke moći. Uvek ga muči glavobolja. Koristi psihičke moći, ali se ne zna da li to namerava. Ima mistične moći, ali se ne seća da ih je koristio. Zato uvek izgleda zbunjeno.",8,196,64,FALSE,FALSE,generation-i,50,52,48,65,50,55
"Nakon dugog izlaganja sunčevoj svetlosti, šare na njegovim repnim perajima živo sijaju kada dođe mrak. Način na koji njegove dve repne peraje vijore dok pliva doneo mu je nadimak „LEPOTA mora“. Linija koja ide niz njegovu stranu može da skladišti sunčevu svetlost. Noću živo sija.",4,70,66,FALSE,FALSE,generation-iv,49,49,56,49,61,66
"Skrivajući se u munjevitim oblacima, leti širom regiona Unove. U svom repu stvara električnu energiju. Ovaj Pokemon se pojavljuje u legendama. U repu ima džinovski generator koji stvara struju. Ovaj legendarni Pokemon može da sprži svet munjom. Pomaže onima koji žele da izgrade idealan svet.",29,3450,306,TRUE,FALSE,generation-v,100,150,120,120,100,90
Ovaj Pokemon je klaster električne energije. Rečeno je da će uklanjanje prstenova na Regielekijevom telu osloboditi latentnu moć Pokemona. Njegovo celo telo se sastoji od jednog organa koji proizvodi električnu energiju. Regieleki je sposoban da stvori svu Galarovu električnu energiju.,12,1450,290,TRUE,FALSE,generation-viii,80,100,50,100,50,200
Crne kugle sijaju neobičnom svetlošću kada Pokemon podiže nevidljive barijere. Krzno sa brade dobro zadržava toplotu i veoma je koristan materijal za zimsku odeću.,18,951,263,FALSE,FALSE,generation-viii,103,105,72,105,75,65
"Kad se bori, kljun mu se zagreva. Temperatura može lako da pređe 212 stepeni Farenhajta, izazivajući teške opekotine kada udari. Unutar njegovog kljuna, njegov unutrašnji gas se pali, eksplozivno lansirajući seme sa dovoljno snage da usitnjava kamene gromade. Šljukaju kljunove sa drugima svoje vrste da bi komunicirali. Snaga i broj pogodaka govore jedni drugima kako se osećaju.",11,260,218,FALSE,FALSE,generation-vii,80,120,75,75,75,60
"Zarobljava neprijatelje svojim pipcima sa usisnim čašama, a zatim ih razbija glavom tvrdom kao kamen. Instinktivno se šunja u kamenite rupe. Ako mu se spava, krade gnezdo druge OKTILERIJE. Njen instinkt je da se zakopa u rupe. Često krade rupe za gnežđenje drugih da bi spavao u njima.",9,285,168,FALSE,FALSE,generation-ii,75,105,75,105,75,45
"Njegove kratke noge imaju usisne jastučiće koji mu omogućavaju da se neumorno penje uz kosine i zidove. Ako dodirnete pipalo na vrhu njegove glave, ispustiće užasan smrad da bi se zaštitio. Za zaštitu, ispušta užasan smrad iz antene na glavi da otera neprijatelje.",3,29,39,FALSE,FALSE,generation-i,45,30,35,20,20,45
"Očigledno ga svrbež izbijanja zuba tera da pukne čeljustima o bilo čemu ispred sebe. Počinje bitke napadom svojim rogom tvrdim kao kamen, ali čim se protivnik lecne, ovaj Pokemon ujede i nikada ne pušta.",3,85,57,FALSE,FALSE,generation-viii,50,64,50,38,38,44
Kandže ako je nezadovoljan i prede kada je ljubazan. Njegova prevrtljivost je među nekima veoma popularna. Svojim oštrim odsjajem dovodi neprijatelje u blago hipnotičko stanje. To je veoma prevrtljiv Pokemon. Krije svoju zlobnu tendenciju da zakači svoje kandže u nos svog trenera ako se ne hrani.,5,39,62,FALSE,FALSE,generation-iv,49,55,42,42,37,85
"Kada mu gori unutrašnja vatra, ne može da se smiri i juri okolo. Kad se vatra smanji, zaspi. Darumakin izmet je vruć, pa su ga ljudi stavljali u odeću da bi se zagrejali. Kada spava, uvlači svoje udove u svoje telo i njegova unutrašnja vatra se spušta na 1.100° F.",6,375,63,FALSE,FALSE,generation-v,70,90,45,15,45,50
Terapagos se štiti koristeći svoju moć da transformiše energiju u tvrde kristale. Ovaj Pokemon je izvor fenomena Terastal. Smatra se da je ovaj Pokemon živeo u drevnoj Paldei sve dok nije bio uhvaćen u seizmičkim pomacima i izumro.,2,65,90,TRUE,FALSE,generation-ix,90,65,85,65,85,60
"Obnovljen iz fosila, ovaj Pokemon može zaroniti do dubine preko pola milje. Pre oko 100 miliona godina, ovi Pokemoni su plivali u okeanima. Smatra se da su i oni otišli ​​na kopno da napadnu plen. Ovaj Pokemon je obnovljen iz fosila. Vešto je plivao i zaronio do dubine preko pola milje.",7,165,71,FALSE,FALSE,generation-v,54,78,103,53,45,22
"Sa dolaskom noći, VOLBEAT emituje svetlost iz svog repa. Komunicira sa drugima podešavanjem intenziteta i treptanja svoje svetlosti. Ovaj POKeMON je privučen slatkom aromom ILLUMISE-a. VOLBEAT-ov rep sija kao sijalica. Sa drugim VOLBEAT-om, koristi svoj rep za crtanje geometrijskih oblika na noćnom nebu. Ovaj POKeMON voli slatku aromu koju daje ILLUMISE. Sa upaljenim zadnjim svetlima, VOLBEAT lete u roju, crtajući geometrijske dizajne na noćnom nebu. Pomeraju svoja gnezda ako im se voda u ribnjaku zaprlja.",7,177,151,FALSE,FALSE,generation-iii,65,73,75,47,85,85
"Preko zime zatvara pupoljak i podnosi hladnoću. U proleće se pupoljak otvara i oslobađa polen. Živi pored čistih bara. Raspršuje polen koji izaziva oštro kijanje i curenje iz nosa. Osetljiv na promenu temperature, kaže se da pupoljak cveta kada oseti topli dodir sunca.",2,12,56,FALSE,FALSE,generation-iv,40,30,35,50,70,55
"Floragato spretno rukuje lozom skrivenom ispod njenog dugog krzna, udarajući tvrdi cvetni pupoljak o svoje protivnike. Tvrdoća Floragatovog krzna zavisi od Pokemonovog raspoloženja. Kada je Floragato spreman za borbu, njegovo krzno postaje šiljasto i oštro iglo.",9,122,144,FALSE,FALSE,generation-ix,61,80,63,60,63,83
"Ako izgubi očnjak, na njegovo mesto izrasta novi. U ustima mu je uvek 48 očnjaka. Prilikom napada široko otvara svoje ogromne čeljusti. Ako izgubi bilo koji očnjak dok ujede, oni ponovo izrastu. Vrhovi njegovih očnjaka su nagnuti unazad. Kada se ti očnjaci stisnu, plen nema nade da pobegne.",11,250,142,FALSE,FALSE,generation-ii,65,80,80,59,63,58
"Čuperak na glavi drži vodu. Kada nivo padne nizak, on dopunjuje čuperak tako što svojim repom sifonira vodu. Voda pod visokim pritiskom izbačena iz njegovog repa je toliko moćna da može da uništi betonski zid. Preferira mesta sa čistom vodom. Kada mu se čuperak ponestane, on ga nadopunjuje tako što repom izvlači vodu.",10,290,174,FALSE,FALSE,generation-v,75,98,63,98,63,101
"Postoji trajna legenda koja kaže da je ovaj Pokemon vukao kontinente konopcima. Rečeno je da je napravio Pokemone koji liče na sebe od posebne ledene planine, stena i magme. Veruje se da je oblikovao REGIROCK, REGICE i REGISTEEL od gline, leda i magme.",37,4200,302,TRUE,FALSE,generation-iv,110,160,110,80,110,100
"Strah izliven u drevni ritualni sud zaogrnuo se kamenjem i prljavštinom da bi postao Pokemon. Polako spušta svoju izuzetno tešku glavu na zemlju, razdvajajući zemlju ogromnim pukotinama koje sežu preko 160 stopa duboko.",27,6997,285,TRUE,FALSE,generation-ix,155,110,125,55,80,45
"Ovaj Pokemon je proždrljivac, ali je loš u dobijanju hrane. Udružuje se sa Tatsugirijem da uhvati plen. Tretira Tatsugirija kao svog šefa i lojalno ga prati. Iako moćan, Dondozo očigledno nije baš pametan.",120,2200,265,FALSE,FALSE,generation-ix,150,100,115,65,65,35
"Njegovo gusto i mekano krzno štiti ga od hladnoće i omogućava mu da koristi žešće vatrene pokrete. Izbacuje bobice pravo sa grana drveća, a zatim žonglira sa njima nogama, vežbajući rad nogu.",6,90,147,FALSE,FALSE,generation-viii,65,86,60,55,60,94
"AZURIL vrti rep kao da je laso, a zatim ga baca daleko. Zamah bacanja šalje i njegovo telo u let. Koristeći ovu jedinstvenu akciju, jedan od ovih POKeMON-a je uspeo da se baci rekordnih 33 stope. AZURILOV rep je veliki i poskočan. Prepun je hranljivih sastojaka koji su ovom POKeMON-u potrebni da raste. AZURIL se može videti kako poskakuje i igra na svom velikom, gumenom repu. Njegov rep, koji je prepun hranljivih materija, veoma je poskakiv poput gumene lopte. Za sunčanih dana okupljaju se na ivici vode i prskaju iz zabave.",2,20,38,FALSE,FALSE,generation-iii,50,20,40,20,40,20
Prašinaste ljuske koje pokrivaju njegova krila označene su bojama da ukazuju na vrste otrova koje ima. Prašinaste ljuske koje pokrivaju njegova krila označene su bojama koje označavaju vrste otrova koje ima. Praškaste ljuske na njegovim krilima teško se uklanjaju. Oni takođe sadrže otrov koji curi pri kontaktu.,15,125,158,FALSE,FALSE,generation-i,70,65,60,90,75,90
"Oni svoj dom prave u pustinjama. Oni mogu da generišu svoju energiju iz grejanja na suncu, tako da jedenje hrane nije uslov. Nabori sa obe strane glave imaju ćelije koje proizvode električnu energiju kada su izložene sunčevoj svetlosti. Kada se rašire, nabori na njegovoj glavi deluju kao solarni paneli, stvarajući snagu iza električnih pokreta ovog Pokemona.",5,60,58,FALSE,FALSE,generation-vi,44,38,33,61,43,70
"On skladišti zapaljivi gas u svom telu i koristi ga za stvaranje toplote. Žuti delovi na njegovom stomaku postaju posebno vrući. Svojim zagrejanim telom obavija plen, kuvajući ga u kolutovima. Jednom kada budu dobro gotovi, halapljivo će ih grickati do poslednjeg zalogaja.",7,10,61,FALSE,FALSE,generation-viii,50,65,45,50,50,45
"Brzim pokretima juri svoje neprijatelje, nemilosrdno napadaju rogovima dok ne prevladaju. Veoma agresivan, koristi kandže blizu svog vrata da kopa u svoje protivnike i otruje ih. Hvata plen kandžama na vratu dok ne prestane da se kreće. Zatim ga završava smrtonosnim otrovom.",25,2005,218,FALSE,FALSE,generation-v,60,100,89,55,69,112
"Što se ovaj Pokemon kupa u više sunčeve svetlosti, njegovo telo proizvodi više začinjenih hemikalija, a samim tim i njegovi pokreti postaju začinjeniji. Tradicionalna paldeanska jela mogu biti izuzetno začinjena jer među svoje sastojke uključuju ispuštene prednje zube Capsakida.",3,30,61,FALSE,FALSE,generation-ix,50,62,40,62,40,50
"Ovaj Pokemon obično sporo reaguje, ali kada uđe u bitku, udariće svoje neprijatelje munjevitim pokretima. Pavmotovo puhasto krzno deluje kao baterija. Može da skladišti istu količinu električne energije kao električni automobil.",9,410,245,FALSE,FALSE,generation-ix,70,115,70,70,60,105
"Kada se Reuniklus rukuje, između njihovih mozgova se formira mreža, povećavajući njihovu psihičku moć. Ovi izuzetno inteligentni Pokemoni se bore tako što kontrolišu ruke koje mogu da se drže snagom lomljenja kamenja. Oni koriste psihičku moć da kontrolišu svoje ruke koje su napravljene od posebne tečnosti. Oni mogu psihički da zgnječe kamene gromade.",10,201,221,FALSE,FALSE,generation-v,110,65,75,125,85,30
LUVDISC žive u plitkim morima u tropima. Ovaj POKeMON u obliku srca dobio je ime plivajući po ljubavnim parovima koje je uočio u talasima okeana. LUVDISC-ovo telo u obliku srca je simbol ljubavi i romantike. Kaže se da je svakom paru koji upozna ovaj POKeMON obećana ljubavna veza koja nikada ne prestaje. LUVDISC prave svoje gnezde od grana CORSOLA. Od davnina postoji običaj da se LUVDISC poklanja za izražavanje osećanja ljubavi.,6,87,116,FALSE,FALSE,generation-iii,43,30,55,40,65,97
"Veoma konkurentan, ovaj POKeMON će juriti sve što se brzo kreće u nadi da će se takmičiti. Samo voli da trči. Ako nešto vidi brže od sebe, pojuriće se najvećom brzinom. U punom galopu, njegova četiri kopita jedva dodiruju tlo jer se kreće tako neverovatno brzo.",17,950,175,FALSE,FALSE,generation-i,65,100,70,80,80,105
"Ogorčenost osobe koja je kažnjena zato što je napisala kraljeva zla dela na drvenim pločama zaogrnula se u mrtvo lišće i postala Pokemon. On crpi životnu snagu iz vegetacije, uzrokujući da obližnje šume trenutno venu, a polja postaju neplodna.",15,742,285,TRUE,FALSE,generation-ix,85,85,100,95,135,70
"Jataju u velikom broju. Iako mali, mašu krilima sa velikom snagom. Obično sa velikim jatom, jedva je primetan kada je sam. Njeni povici su veoma oštri. Pošto su pojedinačno slabi, formiraju grupe. Međutim, oni se svađaju ako grupa postane prevelika.",3,20,49,FALSE,FALSE,generation-iv,40,55,30,30,30,60
"Grupe njih su tukle sve što uđe na njihovu teritoriju. Svako može da ispljune kiselu tečnost iz svojih usta. Može da razbije betonske blokove svojim udarima nogama. Onaj sa najvećim grbom je vođa grupe. Podiže svoju izbačenu kožu da bi se zaštitio dok udara. Što je grb veći, to se više poštuje.",11,300,171,FALSE,FALSE,generation-v,65,90,115,45,115,58
"Kada se krila i repno perje ovog legendarnog Pokemona rašire i zasijaju crveno, ono upija životnu snagu živih bića. Kada se njegov život završi, on upija životnu energiju svakog živog bića i ponovo se pretvara u čahuru.",58,2030,306,TRUE,FALSE,generation-vi,126,131,95,131,98,99
"Klizi prema ljudima. Zatim, bez upozorenja, pokreće eksploziju sopstvene glave. Očigledno je to jedna vrsta Ultra zveri. UB koji se pojavio iz ultra crvotočine, izaziva eksplozije, a zatim koristi iznenađenje protivnika da im oduzme vitalnost.",18,130,257,FALSE,FALSE,generation-vii,53,127,53,151,79,107
"ELEKTRIKA skladišti električnu energiju u dugim dlačicama na telu. Ovaj POKeMON stimuliše mišiće nogu električnim nabojem. Ovi udari snage daju njegovim nogama eksplozivne performanse ubrzanja. ELEKTRIKA radi brže nego što ljudsko oko može da prati. Trenje od trčanja pretvara se u električnu energiju, koja se zatim skladišti u krzno ovog POKeMON-a. On proizvodi električnu energiju koristeći trenje iz atmosfere. U godišnjim dobima sa posebno sušnim vazduhom, celo njegovo telo plamti od silnih pljuskova varnica.",6,152,59,FALSE,FALSE,generation-iii,40,45,40,65,40,65
"Iako je u stanju da uhvati plen zamrzavanjem okoline, ima problema da kasnije pojede plen jer su mu usta na vrhu glave. Koža na njegovom licu je otporna na napade, ali je zbog poteškoća sa disanjem ovaj Pokemon ionako izumro.",20,1750,177,FALSE,FALSE,generation-viii,90,90,100,80,90,55
ROZELIJA gađa oštre trnje kao projektile u svakog protivnika koji pokuša da ukrade cveće na njegovim rukama. Aroma ovog POKeMON-a donosi spokoj živim bićima. U izuzetno retkim prilikama se kaže da se rozelija pojavljuje sa svojim cvetovima neobičnih boja. Trnje na glavi ovog POKeMON-a sadrži opaki otrov. ROZELIJA koja pije izvorsku vodu bogatu hranljivim sastojcima cveta divnim cvetovima. Miris njegovog cveća čini njegove neprijatelje nemarnim.,3,20,140,FALSE,FALSE,generation-iii,50,60,45,100,80,65
"BEAUTIFLI-jeva omiljena hrana je slatki polen cveća. Ako želite da vidite ovaj POKeMON, samo ostavite cvet u saksiji pored otvorenog prozora. LEPA će sigurno doći da traži polen. BEUTIFLI ima duga usta poput namotane igle, što je veoma zgodno za sakupljanje polena sa cveća. Ovaj POKeMON jaše prolećne vetrove dok lebdi okolo skupljajući polen. Njegova krila sa šarenim šarama su njegova najistaknutija karakteristika. Leti kroz polja prekrivena cvećem sakupljajući polen. Napada žestoko kada je ljut.",10,284,178,FALSE,FALSE,generation-iii,60,70,50,100,50,65
"Koristeći hranu pohranjenu u kesicama za obraze, mogu da čuvaju stražu danima. Oni koriste svoje repove za komunikaciju sa drugima. Izuzetno oprezni, smenjuju se kako bi stalno pazili na svoje gnezdo. Osećaju se nesigurno bez nadzora. Izuzetno oprezan, jedan od njih će uvek biti na oprezu, ali neće primetiti neprijatelja koji dolazi s leđa.",5,116,51,FALSE,FALSE,generation-v,45,55,39,35,39,42
"Grančica zelenog luka koju drži je njegovo oružje. Koristi se kao metalni mač. Živi tamo gde rastu trske. Retko se viđaju, pa se smatra da se njihov broj smanjuje. Ako neko pokuša da poremeti gde rastu osnovni biljni štapići, on koristi sopstveni štap da ih spreči.",8,150,132,FALSE,FALSE,generation-i,52,90,55,58,62,60
"Ovaj POKeMON živi u hladnoj vodi. Ostaviće vodu da traži hranu kada napolju postane hladno. Kada hoda po zemlji, oblaže svoje telo ljigavim, otrovnim filmom. Njegovo telo pokriva sluzokoža. Dodirivanje golim rukama izaziva bol od pucanja.",4,85,42,FALSE,FALSE,generation-ii,55,45,45,25,25,15
"MINUN je više zabrinut za navijanje za svoje partnere nego za sopstvenu bezbednost. Isključuje struju u svom telu da bi stvorio briljantne pljuskove iskri da bodri svoje saigrače. MINUN voli da bodri svog partnera u borbi. Iskreće iz svog tela dok to radi. Ako je njegov partner u nevolji, ovaj POKeMON ispušta sve veće količine varnica. Na sastanku POKeMON akademika objavljeno je da će istovremeno izlaganje struji iz PLUSLE i MINUN podstaći cirkulaciju i povećati vitalnost.",4,42,142,FALSE,FALSE,generation-iii,60,40,50,75,85,95
"Kaže se da KIRLIA koja je izložena pozitivnim emocijama svog TRENERA postaje lepa. Ovaj POKeMON kontroliše psihokinetičke moći svojim visoko razvijenim mozgom. KIRLIA koristi rogove na glavi da pojača svoju psihokinetičku moć. Kada POKeMON iskoristi svoju moć, vazduh oko njega postaje izobličen, stvarajući fatamorgane nepostojećih pejzaža. KIRLIA ima psihičku moć da napravi rascep u dimenzijama i vidi u budućnost. Kažu da se sa zadovoljstvom pleše u sunčana jutra.",8,202,97,FALSE,FALSE,generation-iii,38,35,35,65,55,50
"Hrani se nektarom i polenom cveća. Pošto je u stanju da oseti auru, može da identifikuje koje će cveće uskoro procvetati. Mirijadi Cutieflia vijore iznad glava ljudi koji imaju aure koje podsećaju na aure cveća. Nektar i polen su njegova omiljena hrana. U poljima cveća ulazi u okršaje sa Butterfree-om zbog hrane.",1,2,61,FALSE,FALSE,generation-vii,40,45,40,55,40,84
"Nogama žonglira kamenčićem, pretvarajući ga u zapaljenu fudbalsku loptu. Njegovi udarci snažno pogađaju protivnike i ostavljaju ih spaljenima. Vješt je i u napadu i u odbrani, i napumpava se kada se navija. Ali ako počne da se prikazuje, moglo bi se staviti u tešku situaciju.",14,330,265,FALSE,FALSE,generation-viii,80,116,75,65,75,119
"Potrebno je mnogo truda da se održi Lurantisovo živopisno kolorit, ali neki kolekcionari uživaju u ovom poslu i tretiraju ga kao svoj hobi. Ispaljuje zrake iz svojih srpastih latica. Ove grede su dovoljno moćne da cepaju debele metalne ploče. Radi samozaštite, pretvara se da je pokemon buba. Oba njegova kraka imaju latice oštrih ivica.",9,185,168,FALSE,FALSE,generation-vii,70,105,90,80,90,45
"KIOGRE ima moć da stvori ogromne kišne oblake koji pokrivaju celo nebo i izazivaju bujične pljuskove. Ovaj POKeMON je spasio ljude koji su patili od suše. KIOGRE je nazvan u mitologiji kao POKeMON koji je proširio more prekrivši zemlju bujicama i visokim plimskim talasima. Trebalo je zaspati nakon kataklizmične bitke sa GROUDONOM. KIOGRE se pojavio u mitologiji kao tvorac mora. Posle dugih godina svađe sa GRUDONOM, trebalo je da spava na dnu mora.",45,3520,302,TRUE,FALSE,generation-iii,100,100,90,150,140,90
Okretno se penje uz strme litice da bi živeo na vrhovima stenovitih planina. Njegova vatra se gasi kada spava. Njegov vatreni zadnji kraj se napaja gasom napravljenim u njegovom stomaku. Čak ni kiša ne može ugasiti vatru. Veoma je okretan. Pre spavanja gasi plamen na svom repu da spreči požar.,5,62,62,FALSE,FALSE,generation-iv,44,58,44,58,44,61
"ANORIT je regenerisan iz praistorijskog fosila. Ovaj primitivni POKeMON je nekada živeo u toplim morima. Čvrsto steže plen između svoje dve velike kandže. Za ANORIT se kaže da je tip prethodnika POKeMON-a, sa osam krila sa strane tela. Ovaj POKeMON je plivao u iskonskom moru talasajući ovih osam krila. Uskrsnuo je iz fosila koristeći moć nauke. Pliva talasajući osam krila sa strane. To su bile noge koje su se prilagodile životu u moru.",7,125,71,FALSE,FALSE,generation-iii,45,95,50,40,50,75
"Nepokretno kao mrtvo, njegovo telo je blago toplo na dodir. U dalekoj prošlosti zvali su ga čaura zvezda. Nešto se nakuplja oko crnog jezgra unutar njegove tvrde ljuske. Ljudi misle da ovaj Pokemon možda dolazi iz drugog sveta. Kralj koji je vladao Alolom u antičko doba nazvao ju je „čahurom zvezda“ i sagradio je oltar da joj se pokloni.",1,9999,140,TRUE,FALSE,generation-vii,43,29,131,29,131,37
"Opipačima na ušima dodiruje druge, koristeći zvuk otkucaja njihovog srca da kaže kako se osećaju. Njegov slušni osećaj je zapanjujući. Ima radarsku sposobnost da razume svoju okolinu kroz blage zvukove. Koristeći pipače na ušima, može reći kako se neko oseća ili kada bi se jaje moglo izleći.",11,310,390,FALSE,FALSE,generation-v,103,60,86,60,86,50
"Toliko retko da mnogi stručnjaci još uvek kažu da je to fatamorgana. Samo nekoliko ljudi ga je videlo širom sveta. Kada se posmatra kroz mikroskop, može se videti kratka, fina, delikatna kosa ovog POKeMON-a. Očigledno se javlja samo onim ljudima koji su čista srca i imaju jaku želju da to vide.",4,40,270,FALSE,TRUE,generation-i,100,100,100,100,100,100
"Njegovi brkovi služe kao antene. Slanjem i primanjem električnih talasa može da komunicira sa drugima na velikim udaljenostima. Koristi svoj rep da apsorbuje električnu energiju iz elektrana ili iz utičnica u kućama, a zatim ispaljuje struju iz svojih brkova. Uvlači se u domove ljudi i krade struju iz njihovih utičnica. Kada vam se čini da vam račun za struju nije, to je ručni rad ovog bitanga.",2,22,151,FALSE,FALSE,generation-vi,67,58,57,81,67,101
"Kišni oblaci koje nosi neka ispaljuju gromove po svojoj volji. Kažu da se spustio munjom. POKEMON koji juri zemljom dok laje krik koji zvuči kao grmljavina. Ovaj grubi POKeMON skladišti energiju u svom telu, a zatim se kreće po zemlji i ispaljuje struju.",19,1780,261,TRUE,FALSE,generation-ii,90,85,75,115,100,115
"GRUMPIG koristi crne bisere na svom telu da pojača svoje talase psihičke moći kako bi stekao potpunu kontrolu nad svojim neprijateljem. Kada ovaj POKeMON iskoristi svoju posebnu moć, njegov dah koji šmrkće postaje težak. GRUMPIG koristi crne bisere na svom telu da koristi svoje fantastične moći. Kada to radi, pleše bizarno. Crni biseri ovog POKeMON-a su vredni kao umetnička dela. Čuva snagu u crnim biserima na svom čelu. Kada koristi psihičku moć, izvodi neobičan plesni korak. Njegov stil plesa postao je veoma popularan u inostranstvu.",9,715,165,FALSE,FALSE,generation-iii,80,45,65,90,110,80
"Jedenje slatke jabuke izazvalo je njenu evoluciju. Nektarski miris se širi iz njegovog tela, mame Pokemone bube koje pleni. Telo mu je prekriveno slatkim nektarom, a koža na leđima je posebno ukusna. Deca su ga nekada imala kao užinu.",4,130,170,FALSE,FALSE,generation-viii,110,85,80,100,80,30
"Kada lovi, velikom brzinom prelazi po površini vode da bi ulovio neoprezni plen kao što je MAGIKARP. Ovaj POKeMON leti brzinom od 2 maha, tražeći plen. Njegove velike kandže se boje kao zlobno oružje. Njegovi dobro razvijeni grudni mišići čine ga dovoljno jakim da izazove olujnu oluju sa samo nekoliko zakrilaca.",15,395,216,FALSE,FALSE,generation-i,83,80,75,70,70,101
"Može da baca kamenčiće prekrivene mehurićima sa preciznom kontrolom, udarajući u prazne limenke na udaljenosti do sto stopa. Njegova brzina je bez premca. Može da se popne na toranj od više od 2000 stopa za minut.",6,109,142,FALSE,FALSE,generation-vi,54,63,52,83,56,97
"Gnezdi se u malim, horizontalnim rupama u zidovima pećine. Nabacuje se da uhvati plen koji je zalutao preblizu. Nekada je živeo u tropima. Da bi izbegla hladnoću, živi u pećinama zagrejanim geotermalnom toplotom. Napada koristeći svoja ogromna usta. Iako su njegovi napadi moćni, povređuje se i zbog nespretnosti.",7,205,60,FALSE,FALSE,generation-iv,58,70,45,40,45,42
"Dok veličanstveno pliva, nije ga briga da li se REMORAID prikači za njega da bi pokupio ostatke. Slobodno plivajući na otvorenom moru, može da izleti iz vode i preko talasa ako postigne dovoljnu brzinu. Slobodno pliva, jedući stvari koje mu plivaju u ustima. Celo telo je veoma grubo.",21,2200,170,FALSE,FALSE,generation-ii,85,40,70,80,140,70
"LATIOS ima sposobnost da natera svog neprijatelja da vidi sliku onoga što je video ili zamisli u svojoj glavi. Ovaj POKeMON je inteligentan i razume ljudski govor. LATIOS će otvoriti svoje srce samo TRENERU sa saosećajnim duhom. Ovaj POKeMON može da leti brže od mlaznog aviona tako što preklopi svoje prednje noge kako bi minimizirao otpor vazduha. Čak i kada se krije, može otkriti lokacije drugih i osetiti njihove emocije jer ima telepatiju. Njegova inteligencija mu omogućava da razume ljudske jezike.",20,600,270,TRUE,FALSE,generation-iii,80,90,80,130,110,110
"CACNEA živi na sušnim mestima kao što su pustinje. Iz svog cveta oslobađa jaku aromu da privuče plen. Kada se plijen približi, ovaj POKeMON ispaljuje oštre trnje iz svog tijela kako bi oborio žrtvu. Što je okruženje sušnije i surovije, cvet CACNEA raste lepši i mirisniji. Ovaj POKeMON se bori divlje zamahujući svojim trnovitim rukama. CACNEA žive u pustinjama gde praktično nema padavina. Bori se zamahujući svojim debelim rukama sa šiljcima. Jednom godišnje cveta žuti cvet.",4,513,67,FALSE,FALSE,generation-iii,50,85,40,85,40,35
"Stvorio ga je naučnik nakon godina užasnog spajanja gena i DNK inžinjering eksperimenata. Njegova DNK je skoro ista kao MEV. Međutim, njegova veličina i dispozicija se znatno razlikuju. Pošto su njegove borbene sposobnosti podignute na krajnji nivo, razmišlja samo o porazu svojih neprijatelja.",20,1220,306,TRUE,FALSE,generation-i,106,110,90,154,90,130
"Na svom grlu nosi vatreno zvono. Zvono jako zvoni kad god ovaj Pokemon zapali vatru. Može se pohvaliti snažnim prednjim nogama. Jednim udarcem može savijati gvozdenu šipku. Može delovati razmaženo ako se približi svom treneru. Moćan Pokemon, njegove oštre kandže mogu ostaviti celo telo svog trenera prekrivenim ogrebotinama.",7,250,147,FALSE,FALSE,generation-vii,65,85,50,80,50,90
"SHIFTRI je misteriozni POKeMON za koji se kaže da živi na visokim stablima starim više od hiljadu godina. Stvara sjajne oluje sa ventilatorima koje drži. SHIFTRI-jevi veliki ventilatori stvaraju sjajne nalete vetra brzinom blizu 100 stopa u sekundi. Udareni vetar sve oduva. Ovaj POKeMON bira da živi tiho duboko u šumama. Rečeno je da stiže na hladnim, zimskim vetrovima. Od davnina se plašio kao čuvara šuma, ovaj POKeMON živi u dubokoj šumi u koju se ljudi ne usuđuju.",13,596,216,FALSE,FALSE,generation-iii,90,100,60,90,60,80
"Rođen iz temperatura i pritisaka duboko pod zemljom, ispaljuje grede iz kamena u svojoj glavi. Spavao je pod zemljom stotinama miliona godina od svog rođenja. Povremeno se nalazi tokom iskopavanja pećina. Rođen od visokih temperatura i pritisaka duboko pod zemljom, brani se ispaljivanjem zraka iz draguljastog dela svog tela.",3,57,100,FALSE,FALSE,generation-vi,50,50,150,50,150,50
"Njegova snažna čeljust mu omogućava da struže drveće i ispija sok. Obično živi pod zemljom. Često se okupljaju u blizini mesta koja posećuju električni pokemoni kako bi izbegli da ih napadnu ptičiji pokemoni. Ako nađete njegovo gnezdo, ne bi trebalo da gurate ruku unutra. Ugrizaće vas iritirani Grubin.",4,44,60,FALSE,FALSE,generation-vii,47,62,45,55,45,46
"Verovalo se da je ovaj Pokemon rođen od sunca. Kada evoluira, celo njegovo telo je zahvaćeno plamenom. Baza vulkana je mesto gde oni prave svoje domove. Oni pucaju sa svojih pet rogova da odbiju neprijatelje koji napadaju. Za koje se kaže da je rođen od sunca, izbacuje vatru iz svojih rogova i zatvara se u vatrenu čahuru kada evoluira.",11,288,72,FALSE,FALSE,generation-v,55,85,55,50,55,60
"Kada zamahne zapaljenim repom, podiže temperaturu na nepodnošljivo visoke nivoe. Teške borbe bi mogle da uzbude ovog POKeMON-a. Kada je uzbuđen, može da izduva plavičasto-beli plamen. Po prirodi je veoma vruće glave, pa stalno traži protivnike. Smiruje se tek kada pobedi.",11,190,142,FALSE,FALSE,generation-i,58,64,58,80,65,80
"Zaštićen tvrdom školjkom, okreće svoje telo kao točak i besno se sudara sa svojim neprijateljima. Obično je nepomičan, ali kada je napadnut, rotira velikom brzinom, a zatim se sudara sa svojim protivnikom. Čuvajući energiju za evoluciju, ona sedi. Ali, kada se grabežljivci približe, on se kreće da ih ubode otrovnim šiljcima.",12,585,126,FALSE,FALSE,generation-v,40,55,99,40,79,47
Kombinacija Crocalorove vatrene energije i preplavljene vitalnosti izazvala je pojavu vatrene lopte u obliku jajeta na glavi Pokemona. Ventil u Crocalorovoj plamenoj vrećici je usko povezan sa njegovim glasnim žicama. Ovaj Pokemon izgovara grleni krik dok bljuje plamen na sve strane.,10,307,144,FALSE,FALSE,generation-ix,81,55,78,90,58,49
"Obično je mirno, ali vandalizam mina ga razbesni. Prestupnici će biti spaljeni plamenom koji dostiže 2.700 stepeni Farenhajta. Dok je uključen u bitku, njegova planina uglja će goreti jarko crvenom bojom, odašiljajući varnice koje prže okolinu.",28,3105,255,FALSE,FALSE,generation-viii,110,80,120,80,90,30
Živi u senci visokog drveća gde jede insekte. Noću ga privlači svetlost. Njegove velike oči deluju kao radari. Na svetlom mestu možete videti da su skupovi mnogo sitnih očiju. Njegove oči takođe funkcionišu kao radarske jedinice. Hvata i jede male bube koje se kriju u mraku.,10,300,61,FALSE,FALSE,generation-i,60,55,50,40,55,45
"Pomalo dendi, provodi svoje slobodno vreme čisteći svoja krila. Njegova zaokupljenost bilo kakvom prljavštinom na svom perju može ga učiniti nesposobnim za borbu. Baca oštro perje koje se zove oštrica pera na neprijatelje ili plen. Retko promašuje. Ovaj narcisoidni Pokemon je čista nakaza. Ako je ne doterujete marljivo, prestaće da vas sluša.",7,160,147,FALSE,FALSE,generation-vii,78,75,75,70,70,52
"Nikad ne spava. Mora da nastavi da se kreće jer ako se zaustavi, njegovo telo magme bi se ohladilo i stvrdnulo. Uobičajen prizor u vulkanskim oblastima, polako klizi okolo u stalnoj potrazi za toplim mestima. Ove grupe se okupljaju u oblastima koje su toplije od normalnog. Ako se ohladi, koža mu se stvrdne.",7,350,50,FALSE,FALSE,generation-ii,40,40,40,70,40,20
"Njegov stomak je saće za ličinke. Odgaja svoje ličinke na medu koji sakuplja COMBEE. Kada su ugrožene, ličinke iz njegovog šestoćelijskog saća uzvraćaju udarac. U koloniji postoji samo jedan. Oslobađa različite feromone kako bi ličinke u njegovom telu izvršile svoje naloge dok se bore protiv neprijatelja.",12,385,166,FALSE,FALSE,generation-iv,70,80,102,80,102,40
Ovaj Pokemon stvara kuglu od blata mešanjem peska i prljavštine sa psihičkom energijom. Više ceni svoju kuglu od blata nego sopstveni život. On kotrlja svoju kuglu blata dok energija koja joj je potrebna za evoluciju sazreva. Na kraju dolazi vreme da se to razvija.,2,10,54,FALSE,FALSE,generation-ix,41,50,60,31,58,30
"TAILLOV hrabro stoji na svom terenu protiv neprijatelja, koliko god oni bili jaki. Ovaj smeli POKeMON će ostati prkosan čak i nakon poraza. S druge strane, glasno plače ako postane gladan. REP je mlad - tek je napustio svoje gnezdo. Kao rezultat toga, ponekad postaje usamljeno i plače noću. Ovaj POKeMON se hrani VURMPLE-om koji žive u šumama. Iako je mali, veoma je hrabar. Na ravnopravnoj osnovi će preuzeti veći SKARMORI. Međutim, njegova volja slabi ako postane gladna.",3,23,54,FALSE,FALSE,generation-iii,40,55,30,30,30,85
"Koristi svoje brkove da održi ravnotežu. Očigledno se usporava ako su odsečeni. Njegove zadnje noge su mrežaste. Deluju kao peraje, tako da može da pliva u rekama i da lovi plen. Grize bilo šta svojim čvrstim očnjacima. Može čak i da sruši betonske zgrade grizući ih.",7,185,145,FALSE,FALSE,generation-i,55,81,60,50,70,97
"NOSEPASS-ov magnetni nos je uvek usmeren na sever. Ako se dva od ovih POKeMON-a sretnu, ne mogu okrenuti lice jedno prema drugom kada su blizu jer se njihovi magnetni nosovi odbijaju. Za NOSEPASS se govorilo da je potpuno nepomičan, sa svojim magnetnim nosom usmerenim ka severu. Međutim, pažljivo posmatranje je otkrilo da se POKeMON zapravo pomera za nešto više od 3/8 inča svake godine. Njegovo telo emituje snažan magnetizam. Hrani se plenom koji je uvučen silom. Njegov magnetizam je jači u hladnim godišnjim dobima.",10,970,75,FALSE,FALSE,generation-iii,30,45,135,45,90,30
"Bljuje vatru koja je dovoljno vrela da rastopi kamene gromade. Poznato je da nenamerno izaziva šumske požare. Prilikom izbacivanja eksplozije super vruće vatre, crveni plamen na vrhu njegovog repa gori intenzivnije. Ako CHARIZARD pobesni, plamen na vrhu njegovog repa bukti belo-plavom bojom.",17,905,240,FALSE,FALSE,generation-i,78,84,78,109,85,100
"Ima tendenciju da grize sve i nije izbirljiv u jelu. Neoprezno je prići tome. Ne vide, pa se hvataju i grizu kako bi saznali o svojoj okolini. Tela su im prekrivena ranama. Bez vida, nije svestan svoje okoline, pa se sudara sa stvarima i jede sve što se kreće.",8,173,60,FALSE,FALSE,generation-v,52,65,50,45,50,38
"Pretvara se da je čaj, pokušavajući da prevari ljude da ga piju kako bi im iscrpio životnu snagu. Njegova lukavstvo je uglavnom neuspešno. Preferira hladna, tamna mesta, kao što je zadnja strana police ili prostor ispod podnih dasaka kuće. Luta u potrazi za plenom nakon zalaska sunca.",2,22,178,FALSE,FALSE,generation-ix,71,60,106,121,80,70
"Iz vrha repa curi posebna tečnost. Ona slika tečnost svuda da označi svoju teritoriju. Jednom kada odraste, ima tendenciju da dozvoli svojim drugovima da mu stave otiske stopala na leđima. Boja misteriozne tečnosti koja se izlučuje iz njegovog repa je unapred određena za svaki SMEARGLE.",12,580,88,FALSE,FALSE,generation-ii,55,20,35,20,45,75
"Njegov glas je zapanjujuće jačine. Obstagoon ima tendenciju da zauzme preteći položaj i viče - ovaj potez je poznat kao Ometanje. Evoluirao je nakon brojnih borbi. Dok prekrsti ruke, ispušta uzvik koji bi svakog protivnika naterao da se trgne.",16,460,260,FALSE,FALSE,generation-viii,93,90,101,60,81,95
"Zahvaljujući svojim ogromnim čeljustima, koje su mogle da rasture debele metalne ploče kao da su papir, bio je nepobediv u drevnom svetu koji je nekada nastanjivao. Ništa nije moglo zaustaviti ovog Pokemona pre 100 miliona godina, pa se ponašao kao kralj. Potpuna restauracija je nemoguća, ostavljajući prostor za teorije da je njegovo celo telo nekada bilo prekriveno kaputom nalik perju.",25,2700,182,FALSE,FALSE,generation-vi,82,121,119,69,59,71
"Ovi Pokemoni nestaju i pojavljuju se neočekivano. Mnoge trenere privlači njihova prelepa forma i krzno. Kratko se prikrada svojoj meti, udarajući s leđa pre nego što žrtva ima priliku da reaguje. Njihova lepa forma potiče od mišića koje su razvili. Nečujno trče u noći.",11,375,156,FALSE,FALSE,generation-v,64,88,50,88,50,106
Zakrivljeni rogovi suptilno menjaju protok vazduha da bi stvorili čudan prostor gde je stvarnost iskrivljena. Oni koji bulje u njegove rogove postepeno će izgubiti kontrolu nad svojim čulima i neće moći da stoje. Okrugle kuglice koje se nalaze na palim rogovima mogu se samleti u prah koji pomaže pri spavanju.,14,712,163,FALSE,FALSE,generation-ii,73,95,62,85,65,85
"Poznata kao legendarna vatrena ptica. Svaki zamah njegovih krila stvara blistav bljesak plamena. Legendarna ptica POKeMON. Dok zamahne svojim plamenim krilima, čak će i noćno nebo postati crveno. Ovaj legendarni POKeMON razbacuje žar svakim zamahom svojih krila. To je uzbudljiv prizor za posmatranje.",20,600,261,TRUE,FALSE,generation-i,90,100,90,125,85,90
"Ima savitljivo telo bez ikakvih kostiju. Ako mu se bilo koji deo tela otkine, ponovo izraste. Očigledno je u drevnim vremenima imao ogromnu školjku za zaštitu. Živi u plitkim plimskim bazenima. Davno, cela njegova leđa bila je zaštićena čvrstom školjkom. U njegovim ćelijama su ostali tragovi.",9,299,166,FALSE,FALSE,generation-iv,111,83,68,92,82,39
"MANECTRIC stalno ispušta struju iz svoje grive. Varnice ponekad zapale šumske požare. Kada uđe u bitku, ovaj POKeMON stvara grmljavinske oblake. MANECTRIC ispušta jaku struju iz svoje grive. Griva se koristi za sakupljanje struje u atmosferi. Ovaj POKeMON stvara grmljavinske oblake iznad svoje glave. Pošto grom pada u njihovoj blizini, smatralo se da je MANEKTRIK rođen iz munje. U borbi stvaraju grmljavinu.",15,402,166,FALSE,FALSE,generation-iii,70,75,60,105,60,105
"Čvrsta školjka CLAMPERL-a nije dobra samo za zaštitu - takođe se koristi za stezanje i hvatanje plena. Potpuno izrasla školjka CLAMPERL-a će imati ogrebotine i ogrebotine. CLAMPERL raste dok je zaštićena svojom ljuskom tvrdom kao kamen. Kada njegovo telo postane preveliko da stane u školjku, to je siguran dokaz da se ovaj POKeMON približava evoluciji. STEZALjKA udara svojom školjkom o plen kako bi sprečila bekstvo. Za biser koji stvara evolucijom se kaže da je prožet misterioznom energijom.",4,525,69,FALSE,FALSE,generation-iii,35,64,85,74,55,32
"VHISCASH je izuzetno teritorijalna. Samo jedan od ovih POKeMON-a će tražiti veliki ribnjak kao svoju ekskluzivnu teritoriju. Ako mu se neprijatelj približi, on se lupa i izaziva snažan zemljotres. Ako VHISCASH divlja, izaziva podrhtavanje nalik potresu u radijusu od preko tri milje. Ovaj POKeMON ima sposobnost da predvidi prave zemljotrese. Misteriozno, može da predskazuje zemljotrese. Danju spava u blatu na dnu bare. Kada se probudi, stalno se hrani tokom cele noći.",9,236,164,FALSE,FALSE,generation-iii,110,78,73,76,71,60
"Može da kljuca brzinom od 16 puta u sekundi da izbuši rupe u drveću. Koristi rupe za skladištenje hrane i za gnežđenje. Ovaj Pokemon se hrani bobicama, čije ostatke semena postaju municija za napade koje ispaljuje iz svojih usta. Tvrdim kljunom kljuca drveće. Možete dobiti neku predstavu o njegovom raspoloženju ili stanju iz ritma njegovog kljucanja.",3,12,53,FALSE,FALSE,generation-vii,35,75,30,30,30,65
Kažu da se najčešće krije u podvodnim pećinama. Može stvarati vrtloge zevanjem. Spava duboko na dnu okeana da bi izgradio svoju energiju. Kaže se da izaziva tornada dok se budi. On skladišti energiju spavajući na podvodnim dubinama na kojima nijedan drugi oblik života ne može da preživi.,18,1520,243,FALSE,FALSE,generation-ii,75,95,95,95,95,85
"Iz krila ispaljuje pera za strele sa takvom preciznošću da mogu da probiju kamenčić na udaljenosti većoj od stotinu metara. Iako je u osnovi hladan i oprezan, kada ga iznenadi, uhvati ga panika. Zakucava pera strela i gađa njima protivnike. Kada jednostavno ne može da priušti da promaši, vuče lozu za glavu da bi poboljšao svoj fokus.",16,366,239,FALSE,FALSE,generation-vii,78,107,75,100,100,70
"Gusta magla koju stvara donosi propast i uništenje njegovih zbunjenih neprijatelja. Okeanske struje su izvor njegove energije. Božanstvo čuvar Ponija, može da kontroliše vodu. Ljudi kažu da može stvoriti čistu vodu koja će oprati svaku nečistoću. Ovo božanstvo čuvar ostrva Poni manipuliše vodom. Pošto živi duboko u gustoj magli, počeo je da se plaši i poštuje.",13,212,257,TRUE,FALSE,generation-vii,70,75,115,95,130,85
"Poznat je po visokom nivou inteligencije, a velika veličina njegovog mozga je dokaz da poseduje i ogromnu psihičku moć. Emituje psihičku energiju za posmatranje i proučavanje onoga što je oko njega - a ono što je oko njega može uključivati stvari udaljene više od šest milja.",4,408,253,FALSE,FALSE,generation-viii,60,45,110,80,120,90
"Odgoni protivnike tako što izlučuje lepljivu tečnost koja može da rastvori bilo šta. Oči su mu se okrenule, tako da ne može ništa da vidi. Njegova četiri sirena su radarski sistem visokih performansi. Koristi ih da oseti zvukove i mirise, umesto da koristi uši ili nos. Ima problema da povuče granicu između prijatelja i hrane. Mirno će pokušati da se otopi i pojede čak i one sa kojima se dobro slaže.",8,175,158,FALSE,FALSE,generation-vi,68,75,53,83,113,60
"Kao i biljka, koristi fotosintezu. Kao rezultat toga, uvek je obavijen čistim vazduhom. U osnovi se ne bori. Sa ćelijama sličnim ćelijama biljaka, može da obavlja fotosintezu. Kada vidite LEAFEON-a kako spava na parčetu sunca, znaćete da koristi fotosintezu za proizvodnju čistog vazduha.",10,255,184,FALSE,FALSE,generation-iv,65,110,130,60,65,95
"Njegova tvrda školjka odbija svaku vrstu napada. Ranjiv je samo kada je njegova školjka otvorena. Školjka može izdržati svaki napad. Međutim, kada je otvoreno, telo tendera je izloženo. Ona pliva okrenuta unazad tako što otvara i zatvara svoju dvodelnu školjku. To je iznenađujuće brzo.",3,40,61,FALSE,FALSE,generation-i,30,65,100,45,25,40
"Sa kosom omotanom oko tela koja pomaže da poboljša mišiće, ovaj Pokemon može nadvladati čak i Machampa. Njegove dlake rade kao mišićna vlakna. Kada mu se dlake razviju, zakače se za protivnike, hvatajući ih kao pipke.",15,610,255,FALSE,FALSE,generation-viii,95,120,65,95,75,60
Malo je izveštaja da je ovo stvorenje viđeno. Jedan kratki video prikazuje kako divlja i izbija plamene stubove. Podseća na jezivog Pokemona koji je jednom prikazan u paranormalnom časopisu. Za tog Pokemona je rečeno da je Entei regenerisan iz fosila.,35,5900,295,FALSE,FALSE,generation-ix,105,115,121,65,93,91
Akademska teorija predlaže da su Regidragove ruke nekada bile glava drevnog zmajevog Pokemona. Teorija ostaje nedokazana. Njegovo telo je sastavljeno od kristalizovane energije zmaja. Za Regidrago se kaže da ima moći svakog zmajevog Pokemona.,21,2000,290,TRUE,FALSE,generation-viii,200,100,50,100,50,80
"Pošto slomljena kljova neće ponovo izrasti, oni marljivo oštre svoje kljove na rečnim stenama nakon što su se borili. Njihove kljove mogu razbiti kamenje. Borbe za teritoriju između Frakurea mogu biti intenzivno nasilne. Slomljena kljova neće ponovo izrasti, pa po završetku bitke marljivo oštri svoje kljove o rečne stene.",10,360,144,FALSE,FALSE,generation-v,66,117,70,40,50,67
"Kuglica niti omotana oko njegovog tela dovoljno je elastična da odbije kose Scithera, prirodnog neprijatelja ovog Pokemona. Konac koji luči sa svoje zadnje strane je jak kao žica. Tajna iza snage niti je tema stalnog istraživanja.",3,40,42,FALSE,FALSE,generation-ix,35,41,45,29,40,20
"Postaje aktivan noću, poznato je da se roji sa brojnim MURKROV-om. To čini da mu njegovi prijatelji iz MURKROV-a donose hranu. Neposluje svoje vreme, negujući se u svom gnezdu. Ako neko izgovori dubok krik, mnogi MURKROV se brzo okupljaju. Zbog toga se zove „Prizivač noći“.",9,273,177,FALSE,FALSE,generation-iv,100,125,52,105,52,71
Energija stvorena u električnim kesama njegovih obraza čuva se unutar njegove membrane i oslobađa dok klizi. Žive na krošnjama drveća i klize koristeći unutrašnjost membrane nalik na plašt dok ispuštaju struju. Klizi po svojoj ispruženoj membrani dok šokira neprijatelje električnom energijom pohranjenom u kesama na obrazima.,4,50,150,FALSE,FALSE,generation-v,55,75,60,75,60,103
"Flitlovi prsti levitiraju oko pola inča iznad zemlje zbog psihičke moći koja se emituje iz nabora na Pokemonovom stomaku. Provodi svoje vreme trčeći po pustinjama. Ako neko ukrade njegove voljene bobice, poteraće ih i osvetiti se.",2,15,51,FALSE,FALSE,generation-ix,30,35,30,55,30,75
"Svaki put kada udahne i izdahne, vrela žeravica curi iz njegovih usta i nozdrva. Nalazi se u vulkanskim kraterima. Njegova telesna temperatura. je preko 1100 stepeni, pa ga nemojte potcenjivati. Prirodno izbacuje plamen od 1100 stepeni. Kaže se da kada se mnogi pojave, to najavljuje erupciju vulkana.",7,214,73,FALSE,FALSE,generation-ii,45,75,37,70,55,83
"Njegov rep ima sopstveni mali mozak. Čuvajte se! Ako se približite, može reagovati na vaš miris i ugriz. Njegov rep, koji takođe sadrži mali mozak, može sam da ugrize ako primeti privlačan miris. Kada je u opasnosti, njegov rep koristi neku vrstu misteriozne moći da otera neprijatelja.",15,415,159,FALSE,FALSE,generation-ii,70,80,65,90,65,85
"Evoluirao je od izlaganja posebnom magnetnom polju. Tri jedinice stvaraju magnetizam. Grupa je pokušala da upotrebi naučna sredstva da bi MAGNEZONE evoluirala, ali su se njihovi napori završili neuspehom. Izlaganje specijalnom magnetnom polju promenilo je molekularnu strukturu MAGNETONA, pretvarajući ga u MAGNEZON.",12,1800,241,FALSE,FALSE,generation-iv,70,70,115,130,90,60
"Udara neprijatelje oštrim odmotavanjem zakotrljanih ušiju. Peče dovoljno da odrasla osoba zaplače od bola. Kada oseti opasnost, diže uši. U hladnim noćima spava sa glavom uvučenom u krzno. Uši su mu uvek zavrnute. Mogu se snažno proširiti da razbiju čak i veliku stenu.",4,55,70,FALSE,FALSE,generation-iv,55,66,44,44,56,85
"Njegov Tackle je dovoljno snažan da prevrne tenk od 50 tona. Svojim telom štiti svoje saveznike od opasnosti. Kada zauzme odbrambeni položaj sa pesnicama koje mu čuvaju lice, može da izdrži eksploziju bombe.",16,900,239,FALSE,FALSE,generation-vi,88,107,122,74,75,64
"U mitologiji je opisan kao Pokemon koji je oblikovao univerzum sa svojih 1000 ruku. U mitologiji se kaže da je ovaj Pokemon rođen pre nego što je univerzum uopšte postojao. Kažu da je nastao iz jajeta na mestu gde nije bilo ničega, a zatim je oblikovao svet.",32,3200,324,FALSE,TRUE,generation-iv,120,120,120,120,120,120
"S hrabrim uzvikom skače na svoj plen. Njegovi ljuskavi udarci rasturaju njegove protivnike u komadiće. Kontinuirano odbacuje i ponovo raste svoje ljuspice. Vage postaju sve tvrđe i oštrije svaki put kada izrastu. Pravi buku tako što zvecka svoje vage. Kada je ritam dostigao vrhunac, Hakamo-o napada.",12,470,147,FALSE,FALSE,generation-vii,55,75,90,65,70,65
"Veoma zaštitnički na svom prostranom teritorijalnom području, ovaj POKeMON će žestoko kljucati svakog uljeza. Ovaj POKeMON je pun vitalnosti. Stalno leti oko svoje velike teritorije u potrazi za plenom. Ima izvanrednu viziju. Koliko god visoko leti, u stanju je da razlikuje pokrete svog plena.",11,300,122,FALSE,FALSE,generation-i,63,60,55,50,50,71
"Kada se nekoliko ovih POKeMON-a okupi, njihova struja bi mogla da se stvori i izazove oluje sa munjama. Drži podignut rep kako bi nadgledao svoju okolinu. Ako ga povučete za rep, pokušaće da vas ugrize. Ovaj inteligentni POKeMON peče tvrdo BOBIČE na struju da bi ih učinio dovoljno mekim za jelo.",4,60,112,FALSE,FALSE,generation-i,35,55,40,50,50,90
"Njegovo centralno jezgro sija sa sedam duginih boja. Neki ljudi cene jezgro kao dragulj. Centralni deo je nazvan jezgrom. Ljudi misle da komunicira kada svetli u 7 boja. Središnji deo njegovog tela naziva se jezgro. Svaki put kada se vidi, sija u drugoj boji.",11,800,182,FALSE,FALSE,generation-i,60,75,85,100,85,115
"Ima grančicu zabodenu u rep. Trenjem od repnog krzna, on zapali grančicu i kreće u bitku. Kada se grančica iščupa iz repa, trenje je pali. Plamen se koristi za slanje signala svojim saveznicima.",10,145,143,FALSE,FALSE,generation-vi,59,59,58,90,70,73
"Smatra se da je jedan od prvih Pokemona koji je živeo u harmoniji sa ljudima, ali ima smireno raspoloženje. Ako ima sunca i vode, ne treba da jede, jer može da generiše energiju iz listova na leđima.",9,310,70,FALSE,FALSE,generation-vi,66,65,48,62,57,52
"Ovaj Pokemon podseća na nepoznati objekat opisan u paranormalnom časopisu kao NLO koji je poslat da posmatra čovečanstvo. Ne postoje zapisi o hvatanju ove vrste. Podaci nedostaju, ali Pokemonove osobine se poklapaju sa objektom opisanim u staroj knjizi.",12,360,285,FALSE,FALSE,generation-ix,80,70,60,140,110,110
"Sa vrhova stopala SURSKIT luči ulje koje mu omogućava da hoda po vodi kao da kliže. Ovaj POKeMON se hrani mikroskopskim organizmima u barama i jezerima. Ako SURSKIT oseti opasnost, sa vrha glave luči gust, slatki sirup. Postoje neki POKeMON koji vole da jedu ovaj sirup. Skupljaju se na lokvama posle večernjih pljuskova, klize po površini vode kao da klize. Iz glave luči med slatke arome.",5,17,54,FALSE,FALSE,generation-iii,40,30,32,50,52,65
"Tokom dana drži lice zakopano u zemlju. Noću luta sejući svoje seme. Može se pogrešiti sa gomilom korova. Ako pokušate da ga izvučete iz zemlje, on užasno vrišti. Probuđen mesečevom svetlošću, noću aktivno luta. Danju, ostaje tiho pod zemljom.",5,54,64,FALSE,FALSE,generation-i,45,50,55,75,65,30
"Akumulira negativne jone u atmosferi da bi izbacio munje od 10000 volti. Osetljiv POKe MON koji lako postaje tužan ili ljut. Svaki put kada mu se promeni raspoloženje, on puni energiju. Koncentriše slabe električne naboje koje emituju njegove ćelije i pokreće zle munje.",8,245,184,FALSE,FALSE,generation-i,65,65,60,110,95,130
"DUSTOKS je instinktivno privučen svetlosti. Rojeve ovog POKeMON-a privlače jarka svetla gradova, gde prave pustoš tako što skidaju lišće sa drveća pored puta u potrazi za hranom. Kada DUSTOKS zamahne krilima, fina prašina se rasprši svuda. Ova prašina je zapravo moćan otrov koji će čak i profesionalnom rvaču razboleti. Ovaj POKeMON traži hranu koristeći svoje antene poput radara. To je noćni POKeMON koji noću leti sa polja i planina do privlačnosti ulične rasvete. Iz krila gubi veoma toksičan prah.",12,316,173,FALSE,FALSE,generation-iii,60,50,70,50,90,65
Dugo je verovalo da će lek napravljen od njegovih krljušti izlečiti čak i neizlečive bolesti. Po navici iskopava i skuplja dragulje u svom gnezdu. Njegov plen je stalno na meti lopova. Voli svetlucave stvari. Ona traži blago u pećinama i skuplja plen u svom gnezdu.,14,560,144,FALSE,FALSE,generation-iv,68,90,65,50,55,82
"Privlači ljude svojim uzorkom Poke Ball, a zatim oslobađa spore otrova. Zašto liči na poke loptu nije poznato. Iz nekog razloga, ovaj Pokemon podseća na Poke loptu. Oni oslobađaju spore otrova da odbiju one koji pokušavaju da ih uhvate. Primami Pokemone svojim uzorkom koji izgleda baš kao Poke Ball, a zatim oslobađa spore otrova.",2,10,59,FALSE,FALSE,generation-v,69,55,45,55,55,15
Ima nerazvijene električne vrećice na obrazima. Ove vreće mogu proizvesti električnu energiju samo ako ih Pavmi bijesno trlja jastučićima na prednjim šapama. Jastučići njegovih šapa su organi za pražnjenje struje. Pavmi ispaljuje struju iz svojih prednjih šapa dok nestabilno stoji na zadnjim nogama.,3,25,48,FALSE,FALSE,generation-ix,45,50,20,40,25,60
"Neprekidno linja i raste. Vrh njegove glave cenjen je kao blago zbog svoje lepote. U južnoj morskoj naciji, ljudi žive u zajednicama koje su izgrađene na grupama ovih POKeMON-a. Tačke na njegovoj glavi apsorbuju hranljive materije iz čiste vode. Ne mogu da prežive u zagađenoj vodi.",6,50,144,FALSE,FALSE,generation-ii,65,55,95,65,95,35
"Brutalni POKeMON sa mlazovima vode pod pritiskom na ljusci. Koriste se za velike brzine. Jednom kada nanišani svog neprijatelja, izbacuje vodu sa još većom snagom od vatrogasnog creva. Namerno se čini teškim kako bi mogao da izdrži trzaj vodenih mlaza koje ispaljuje.",16,855,239,FALSE,FALSE,generation-i,79,83,100,85,105,78
"Pojavio se iz ultra crvotočine. Čini se da je svaki sačinjen od mnogih životnih oblika naslaganih jedan na drugi. Kada su kameni zidovi počeli da se pomeraju i napadaju, pravi identitet zverke bio je ovaj misteriozni oblik života, koji podseća na Ultra zver.",55,8200,257,FALSE,FALSE,generation-vii,61,131,211,53,101,13
"Strogi trening je način na koji uči svoju tečnu tehniku dvostrukog skalčopa. Scalchop tehnike se razlikuju od jednog Devota do drugog. Nikada ne zanemaruje održavanje svojih skalchopsa. Kao rezultat stroge obuke, svaki Devott uči različite oblike upotrebe skalchopsa.",8,245,145,FALSE,FALSE,generation-v,75,75,60,83,60,60
"Ovaj Pokemon je davno migrirao u Paldeu iz dalekih zemalja. Gel koji luči njegovo perje odbija vodu i prljavštinu."" Njegove snažne noge omogućavaju mu da lako pliva čak i u rekama sa brzim tokom. Voli da drži stvari uredno i sklona je preteranom razmišljanju.",5,61,62,FALSE,FALSE,generation-ix,55,65,45,50,45,50
Pre više od 300 miliona godina strahovali su od njega kao najjačeg lovaca. Izmenio ga je Team Plasma. Tim Plazma je izmenio ovaj drevni pokemon bube. Nadogradili su top na leđima. Ovaj Pokemon je postojao pre 300 miliona godina. Tim Plazma ga je izmenio i pričvrstio top na leđa.,15,825,270,FALSE,TRUE,generation-v,71,120,95,120,95,99
"Ovi prijateljski raspoloženi Pokemoni šalju signale jedni drugima prelepim cvrkutom i pokretima repnog pera. Uprkos lepoti svog blistavog glasa, nemilosrdan je prema uljezima koji uđu na njegovu teritoriju. Ovaj simpatičan Pokemon se lako trenira. Ali kada se bitka pridruži, ona pokazuje svoju svirepu stranu.",3,17,56,FALSE,FALSE,generation-vi,45,50,43,40,38,62
"Ako zamahne krilima veoma brzo, može da stvori udarne talase koji će razbiti prozore u tom području. Njegove velike oči mogu skenirati 360 stepeni. Gleda na sve strane da traži insekte kao plen. Može da vidi u svim pravcima bez pomeranja velikih očiju, pomažući mu da odmah uoči napadače i hranu.",12,380,78,FALSE,FALSE,generation-ii,65,65,45,75,45,95
"RELICANTH je vrsta POKeMONA koja je postojala sto miliona godina, a da nije promenila svoj oblik. Ovaj drevni POKeMON se hrani mikroskopskim organizmima svojim bezubim ustima. RELIKANT je retka vrsta koja je otkrivena u istraživanjima dubokog mora. Telo ovog POKeMON-a izdržava ogroman pritisak vode u dubinama okeana. Telo mu je prekriveno čvrstim ljuskama koje su poput stenovitih stena. POKeMON za koji se nekada verovalo da je izumro. Vrsta nije promenila svoj oblik 100 miliona godina. Hoda po morskom dnu koristeći svoja prsna peraja.",10,234,170,FALSE,FALSE,generation-iii,100,90,130,45,65,55
"Da ih vetar ne odnese, skupljaju se u grozdove. Ipak, uživaju u blagom povetarcu. Njegovo telo je tako lagano da mora čvrsto da se uhvati za tlo nogama da ga ne bi oduvalo. Može se odneti čak i na najblažem povetarcu. Možda čak i pluta sve do sledećeg grada.",4,5,50,FALSE,FALSE,generation-ii,35,35,40,35,55,50
"Većina njegovog tela ima isti sastav kao ugalj. Prikladno, ovaj Pokemon je prvi put otkriven u rudnicima uglja pre oko 400 godina. Može da se juri okolo kao monocikl, čak i po grubom, kamenitom terenu. Sagorevanje uglja ga održava.",3,120,48,FALSE,FALSE,generation-viii,30,40,50,40,50,30
"Površina MARSHTOMP-ovog tela obavijena je tankim, lepljivim filmom koji mu omogućava da živi na kopnu. Ovaj POKeMON se igra u blatu na plažama kada je plima niska. MARSHTOMP je mnogo brži u putovanju kroz blato nego u plivanju. Zadnji deo ovog POKeMON-a pokazuje očigledan razvoj, dajući mu mogućnost da hoda samo na zadnjim nogama. Oštre zadnje noge mu omogućavaju da stoji uspravno. Pošto oslabi ako mu se koža osuši, nadoknađuje tečnost igrajući se u blatu.",7,280,142,FALSE,FALSE,generation-iii,70,85,70,60,70,50
Njegova izdržljiva vitalnost omogućava mu da se prilagodi svakom okruženju. Njegove klešta nikada neće osloboditi plen. CORPHISH su prvobitno bili strani POKeMON koji su uvezeni kao kućni ljubimci. Na kraju su se pojavili u divljini. Ovaj POKeMON je veoma izdržljiv i značajno je povećao svoju populaciju. KORFIŠ hvata plen svojim oštrim kandžama. Ne voli ili ne voli kada je u pitanju hrana - poješće sve. Ovaj POKeMON nema problema da živi u prljavoj vodi.,6,115,62,FALSE,FALSE,generation-iii,43,80,65,50,35,35
"Ako mu je telo pocepano, može ponovo da izraste ako ostane crveno jezgro. Jezgro treperi u ponoć. Zagonetni POKeMON koji može bez napora da regeneriše svaki dodatak koji izgubi u borbi. Sve dok je središnji deo neoštećen, može u potpunosti da izraste čak i ako je isečen na komadiće.",8,345,68,FALSE,FALSE,generation-i,30,45,55,70,55,85
"Ljuska mu je tvrda kao lim, a takođe je veoma čvrsta. Njegov TRASHING može srušiti planinu. Čak i zatvoren u svojoj ljusci, može se slobodno kretati. Čvrst i brz, ima izuzetnu destruktivnu moć. Neće stajati mirno, čak ni dok je kukuljica. Već ima ruke i noge ispod svoje čvrste školjke.",12,1520,144,FALSE,FALSE,generation-ii,70,84,70,65,70,51
"Nadimak „morski nasilnik“, ŠARPEDO je široko strahovan. Njegovi okrutni očnjaci odmah izrastu ako se otkinu. Samo jedan od ovih POKeMON-a može temeljno da raskomada supertanker. SHARPEDO može plivati brzinom do 75 mph tako što izbacuje morsku vodu sa zadnje strane. Nedostatak ovog POKeMON-a je njegova nesposobnost da pliva na velike udaljenosti. Opaki i lukavi gangster mora. Njegova koža je posebno teksturirana kako bi se smanjilo otpor vode. Njegova brzina dostiže preko 75 milja na sat.",18,888,161,FALSE,FALSE,generation-iii,70,120,40,95,40,95
"Ovaj Pokemon je kukavica. Dok očajnički juri, mlataranje njegovih brojnih nogu ostavlja blistavu čistu stazu za sobom. Njegovo stanište varira od plaža do morskog dna. Prirodni čistač, radosno će jesti sve što je jestivo, ma koliko pokvareno. Pokupiće sve što nađe na zemlji. Ponekad pronađe novčiće, pa će Murkrou i Meovth krenuti za njim.",5,120,46,FALSE,FALSE,generation-vii,25,35,40,20,30,80
"Arctibak zamrzava vazduh oko sebe, štiteći lice ledenom maskom i pretvarajući svoje dorzalno peraje u oštricu leda. Napada oštricom svoje smrznute leđne peraje tako što se okreće napred u vazduhu. Arctibak-ova snažna leđa i noge omogućavaju mu da izvede ovu tehniku.",8,300,148,FALSE,FALSE,generation-ix,90,95,66,45,65,62
"Po ceo dan traži hranu. Poseduje oštro čulo mirisa, ali ga ne koristi ni za šta drugo osim za ishranu. Ovaj Pokemon odbacuje svu hranu osim najbolje. Njegovo telo odaje miris bilja koji Pokemoni mrze.",5,102,51,FALSE,FALSE,generation-ix,54,45,40,35,45,35
"Zato što je veoma ponosan, mrzi da prihvata hranu od ljudi. Njegov gusti puh ga čuva od hladnoće. Živi uz obale u severnim zemljama. Vješt plivač, roni više od 10 minuta u lov. Slabo hoda, često pada. Međutim, njegov snažan ponos ga čini da bezbrižno nadima svoje grudi.",4,52,63,FALSE,FALSE,generation-iv,53,51,53,61,56,40
Njegovi kopljasti šiljci i divlji temperament doneli su mu nadimak „morski vrag“. Upija otrov da bi se hranio.,25,605,179,FALSE,FALSE,generation-viii,85,115,95,65,65,85
"Ovaj Pokemon generiše električnu energiju i usmerava je u svoje noge da bi one bile jake. Boltund može da radi bez prestanka puna tri dana. Šalje struju kroz noge kako bi povećao njihovu snagu. Trčeći maksimalnom brzinom, lako prelazi 50 mph.",10,340,172,FALSE,FALSE,generation-viii,69,90,60,90,60,121
"TREECKO ima male kuke na dnu stopala koje mu omogućavaju da se kreće po vertikalnim zidovima. Ovaj POKeMON napada udarajući neprijatelje svojim debelim repom. TREECKO je hladan, miran i pribran - nikada ne paniči ni u jednoj situaciji. Ako bi veći neprijatelj bijesno pogledao ovog POKeMON-a, on bi odmah uzvratio pogledom bez prepuštanja ni inča zemlje. Svoje gnezdo pravi na džinovskom drvetu u šumi. Svirepo se čuva od svega što se približava njenoj teritoriji. Za njega se kaže da je zaštitnik šumskog drveća.",5,50,62,FALSE,FALSE,generation-iii,40,45,35,65,55,70
"Izbacuje vatrene lopte od preko 3.600 stepeni F sa krajeva svojih krakova. Živi u vulkanskim kraterima. Prilikom lansiranja vatrenih lopti od 3.600 stepeni F, njegovo telo dobija beličastu nijansu od intenzivne toplote. Izbacuje vatrene lopte od preko 3.600 stepeni Farenhajta iz svojih ruku. Njegov dah takođe pršti i cvrči.",16,680,243,FALSE,FALSE,generation-iv,75,95,67,125,95,83
"Poznato kao „Biće emocija“. Naučio je ljude plemenitosti tuge, bola i radosti. Spava na dnu jezera. Za njegov duh se kaže da ostavlja svoje telo da leti na površini jezera. Kada je MESPRIT leteo, ljudi su naučili radost i tugu življenja. Bilo je to rađanje emocija.",3,3,261,TRUE,FALSE,generation-iv,80,105,105,105,105,80
"Gleda u plamen na vrhu svoje grane da bi postigao fokusirano stanje, koje mu omogućava da vidi u budućnost. Koristeći psihičku moć, generiše vatreni vrtlog od 5.400 stepeni Farenhajta, spaljujući neprijatelje uvučene u ovaj plameni vrtlog.",15,390,240,FALSE,FALSE,generation-vi,75,69,72,114,100,104
"Živi u vulkanskim pećinama. Ukopava se svojim stopalima u obliku krsta da bi puzala po plafonima i zidovima. Njegovo telo je napravljeno od čvrstog čelika. Međutim, delimično se topi na mestima zbog sopstvene toplote. Uzavrela krv, poput magme, cirkuliše njegovim telom. Stanuje u vulkanskim pećinama.",17,4300,270,TRUE,FALSE,generation-iv,91,90,106,130,106,77
"Dolliv deli svoje ukusno ulje sa svežim mirisom sa drugima. Ova vrsta koegzistira sa ljudima od davnina. Do mile volje grije se na suncu dok plodovi na glavi ne sazre. Nakon toga, Doliv odlazi iz ljudskih naselja i kreće na putovanje.",6,119,124,FALSE,FALSE,generation-ix,52,53,60,78,78,33
"ARMALDOV čvrst oklop čini da svi napadi odbiju. Dve ogromne kandže ovog POKeMON-a mogu se slobodno proširiti ili skupiti. Imaju moć da probiju čeličnu ploču. ARMALDO je vrsta POKEMONA koja je izumrla u praistorijskim vremenima. Za ovaj POKeMON se kaže da je hodao na zadnjim nogama, što bi bilo pogodnije za život na kopnu. ARMALDO obično živi na kopnu. Međutim, kada lovi plen, roni ispod okeana. Pliva okolo koristeći svoja dva velika krila.",15,682,173,FALSE,FALSE,generation-iii,75,125,100,70,80,45
"Posle rođenja, njena leđa nabrekne i stvrdne u školjku. Snažno prska penu iz usta. Puca vodom na plen dok je u vodi. Povlači se u svoju školjku kada je u opasnosti. Ljuska je mekana kada se rodi. Uskoro postaje toliko otporan da će se prsti odbijati od njega.",5,90,63,FALSE,FALSE,generation-i,44,48,65,50,64,43
Izgleda kao da uvek plače. On zapravo prilagođava nivoe tečnosti u svom telu eliminišući višak. Preferira sušna okruženja. Curi vodu iz očiju da bi prilagodio nivo tečnosti u svom telu. Preferira sušnu atmosferu. Propušta vodu koja liči na suze kada se podešava nivo vlage.,5,150,58,FALSE,FALSE,generation-iv,50,80,95,10,45,10
"Nalazi se u poljima i planinama. Mijenjajući ih sa stenama, ljudi često gaze ili se spotaknu na njih. Obično se nalazi u blizini planinskih staza itd. Ako slučajno stanete na jednu, ona se naljuti. Većina ljudi možda neće primetiti, ali pažljiviji pogled bi trebao otkriti da ima mnogo GEODUDA okolo.",4,200,60,FALSE,FALSE,generation-i,40,80,100,30,30,20
"Oni upozoravaju druge na opasnost vibriranjem obraza kako bi stvorili visok zvuk. Vibrirajući obraze, emituje zvučne talase neprimetne za čoveka. Koristi ritam ovih zvukova za razgovor. Vibrirajući obraze, emituje zvučne talase neprimetne za ljude i upozorava druge na opasnost.",5,45,59,FALSE,FALSE,generation-v,50,50,40,50,40,64
"Jednom kada uhvati vetar, vešto kontroliše svoje spore pamuka da plutaju, čak i širom sveta. Lebdi na sezonskim vetrovima i širi svoje spore nalik pamuku po celom svetu kako bi stvorio više potomaka. Čak i na najžešćem vetru, može da kontroliše svoju pahuljicu kako bi se probio do bilo kog mesta na svetu koje poželi.",8,30,207,FALSE,FALSE,generation-ii,75,55,70,55,95,110
Moguće je da bi stvorenje koje je navedeno kao Brute Bonnet u određenoj knjizi zapravo moglo biti ovaj Pokemon. Ima malu sličnost sa Pokemonom opisanim u sumnjivom časopisu kao ukrštanje dinosaurusa i pečurke.,12,210,285,FALSE,FALSE,generation-ix,111,127,99,79,99,55
"Plen hvata u zamku pružajući ruke od vinove loze. Gubitak oružja od grabežljivaca to ne smeta. Njegove ruke su napravljene od biljaka koje se vezuju za stvari. Odmah izrastu ako se poseku. Kada miruje, izgleda da je veliki grm. Nesuđeni plen koji luta u blizini biva zarobljen njegovom lozom.",20,1286,187,FALSE,FALSE,generation-iv,100,100,125,110,50,50
"LUNATONE je otkriven na mestu gde je pao meteorit. Kao rezultat toga, neki ljudi teoretiziraju da je ovaj POKeMON došao iz svemira. Međutim, niko do sada nije uspeo da dokaže ovu teoriju. LUNATONE postaje aktivan oko vremena punog meseca. Umesto da hoda, kreće se lebdeći u vazduhu. Zastrašujuće crvene oči POKeMON-a uzrokuju da svi oni koji ga vide postanu opterećeni strahom. Postaje veoma aktivan u noći punog meseca. Ovaj POKeMON je prvi put otkriven pre 40 godina na mestu udara meteora.",10,1680,161,FALSE,FALSE,generation-iii,90,55,65,95,85,70
"Ovi Pokemoni neprestano trče kroz plitke vode da bi trenirali svoje noge, a zatim se takmiče jedni sa drugima da vide koji od njih udara najgracioznije. Vredni Kvaksvel posmatra ljude i Pokemone iz različitih regiona i ugrađuje njihove pokrete u sopstvene plesne rutine.",12,215,144,FALSE,FALSE,generation-ix,70,85,65,65,60,65
"Ovi misteriozni Pokemoni evoluiraju kada dobiju električnu stimulaciju dok su na istom mestu kao i Šelmet. Kada se osećaju ugroženo, pljunu kiselu tečnost da oteraju napadače. Ovaj Pokemon cilja Šelmeta. Iz nekog razloga evoluiraju kada dobiju električnu energiju dok napadaju Šelmeta.",5,59,63,FALSE,FALSE,generation-v,50,75,45,40,45,60
"Obično se nalazi u elektranama. Lako ih je zameniti za POKe LOPTU, oni su upropastili mnoge ljude. Rečeno je da se kamuflira kao POKe LOPTA. Samouništiće se uz vrlo malo stimulansa. Kotrlja se da se kreće. Ako je tlo neravno, iznenadni udar od udarca o neravninu može izazvati eksploziju.",5,104,66,FALSE,FALSE,generation-i,40,30,50,55,55,100
"Pokemon mesožder koji hvata i jede bube. Koristi svoje korenske noge da upije potrebnu vlagu. Preferira topla i vlažna mesta. Svojom lozom zarobljava sitne insekte i proždire ih. Iako je njegovo telo izuzetno mršavo, zaslepljujuće je brzo kada uhvati plen.",7,40,60,FALSE,FALSE,generation-i,50,75,35,70,30,40
"Šume u kojima žive Svadloon imaju sjajno lišće jer hranljive materije koje prave od opalog lišća neguju biljni život. Od hladnoće se štiti umotavanjem u lišće. Ostaje u pokretu, jede lišće u šumama. Preferira mračna, vlažna mesta, ceo dan provodi jedući opalo lišće koje leži oko njega.",5,73,133,FALSE,FALSE,generation-v,55,63,90,50,80,42
"BARBOACH-ovi osetljivi brkovi služe kao vrhunski radarski sistem. Ovaj POKeMON se krije u blatu, ostavljajući samo svoja dva brka otkrivena dok čeka da plen naiđe. BARBOACH-ovo telo je prekriveno ljigavim filmom. Ako ga neprijatelj zgrabi, ovaj POKeMON jednostavno izmiče iz neprijateljskog stiska. Ovaj POKeMON slabi ako se ljigav premaz osuši. Njegovo telo je prekriveno ljigavim filmom. Film deluje kao barijera koja sprečava da klice u mutnoj vodi uđu u telo BARBOACH-a.",4,19,58,FALSE,FALSE,generation-iii,50,48,43,46,41,60
"SLAKING provodi ceo dan ležeći i izležavajući se. Jede travu koja mu raste na dohvat ruke. Ako pojede svu travu do koje može doći, ovaj POKeMON se nevoljno seli na drugo mesto. Gde god da SLAKING živi, na travnatim poljima pojavljuju se prstenovi prečnika preko jednog jarda. Napravio ih je POKeMON jer jede svu travu na dohvat ruke dok leži ničice na zemlji. Horde SLAKING se okupljaju oko drveća kada voće dođe u sezonu. Strpljivo čekaju da sa drveća ispadnu zreli plodovi.",20,1305,252,FALSE,FALSE,generation-iii,150,160,100,95,65,100
"Boja i miris njihovog krzna se menjaju tako da odgovaraju planinskoj travi. Kada osete neprijateljstvo, kriju se u travi. Promena godišnjih doba menja boju i miris ovog Pokemonovog krzna. Ljudi ga koriste za obeležavanje godišnjih doba. Njihova boja se menja u zavisnosti od godišnjih doba, a na njih mogu blago uticati i temperatura i vlažnost.",6,195,67,FALSE,FALSE,generation-v,60,60,50,40,50,75
"Posebna membrana koja obavija Alomomolu ima sposobnost zarastanja rana. Oni žive kako plutaju na otvorenom moru. Kada pronađu ranjenog Pokemona, oni ga zagrle i donesu na obalu. Nežno drži povređene i slabe Pokemone u svojim perajima. Njegova posebna membrana leči njihove rane.",12,316,165,FALSE,FALSE,generation-v,165,75,80,40,45,65
"Oni su ljubazni, ali mogu biti neumoljivi kada brane teritoriju. Oni izazivaju neprijatelje sa kljovama koje mogu da seku čelik. Njihove čvrste kljove će ostati oštre čak i ako se koriste za sečenje čeličnih greda. Ovi Pokemoni su prekriveni tvrdim oklopom. Njegove kljove su neverovatno destruktivne. Oni mogu lako da preseku debelu, čvrstu čeličnu kolonu svaki put.",18,1055,243,FALSE,FALSE,generation-v,76,147,90,60,70,97
"Izbacuje OTROVNI PRAH da bi imobilizirao neprijatelja, a zatim ga dovrši sprejom KISELINE. Kada je gladan, proguta sve što se kreće. Njegov nesrećni plen se iznutra topi jakim kiselinama. Iako je napunjen KISELINE, on se ne topi jer takođe curi neutralnu tečnost.",10,64,137,FALSE,FALSE,generation-i,65,90,50,85,45,55
Tip ovog Pokemona se menja u zavisnosti od toga koju masku nosi. Svoje neprijatelje zbunjuje okretnim pokretima i udarcima. Ovaj Pokemon koji voli nestašluke je pun radoznalosti. Bori se tako što izvlači energiju zasnovanu na tipu sadržanu u njegovim maskama.,12,398,275,TRUE,FALSE,generation-ix,80,120,84,60,96,110
"Mnoge njegove fizičke karakteristike odgovaraju onima Viriziona iz budućnosti koji je bio pokriven u časopisu o paranormalnom. Prema nekoliko izveštaja očevidaca koji postoje, koristio je svoje blistave oštrice da julienira veliko drveće i kamene gromade.",15,1250,295,FALSE,FALSE,generation-ix,90,130,88,70,108,104
"Mužjaci mašu perjem na glavi da bi pretili protivnicima. Letačke sposobnosti ženki nadmašuju one mužjaka. Mužjaci imaju perje na glavi. Nikada sebi neće dozvoliti da se osećaju blisko ni sa kim osim sa svojim trenerima. Mužjaci mašu perjem na glavi da bi ugrozili druge, ali ženke bolje lete.",12,290,220,FALSE,FALSE,generation-v,80,115,80,65,55,93
"VINAUT se uvek može videti sa velikim, srećnim osmehom na licu. Pogledajte njegov rep da utvrdite da li je ljut. Kada je ljut, ovaj POKeMON će lupiti repom po zemlji. VINAUT se okupljaju u noćima obasjanim mesečinom da bi se igrali stiskajući se jedan protiv drugog. Stisnuvši se, ovaj POKeMON dobija izdržljivost i obučen je da izvodi snažne kontranapade. VINAUT voli da jede slatko voće. Pametno bere plodove koristeći svoje ušne ruke. Okupljaju se u voćnjacima, privučeni mirisom.",6,140,52,FALSE,FALSE,generation-iii,95,23,48,23,48,23
"Veoma lenj. Samo jede i spava. Kako se njegova okrugla masa povećava, postaje sve lenjivija. Poješće bilo šta, čak i ako je hrana malo buđava. Nikada ne izaziva želudac. Ono što zvuči kao njegov plač može zapravo biti njegovo hrkanje ili kruljenje njegovog gladnog stomaka.",21,4600,189,FALSE,FALSE,generation-i,160,110,65,65,110,30
"Aroma koja se diže iz njegovih latica sadrži supstancu koja smiruje agresivna osećanja. MEGANIJUMov dah ima moć da oživi mrtvu travu i biljke. Može ih ponovo učiniti zdravim. Svako ko stane pored njega postaje osvežen, kao da se opušta u sunčanoj šumi.",18,1005,236,FALSE,FALSE,generation-ii,80,82,100,83,100,80
"VINGULL ima naviku da nosi plen i dragocenosti u svom kljunu i krije ih na svim vrstama lokacija. Ovaj POKeMON jaše vetrovima i leti kao da kliže po nebu. VINGULL vozi uzlaznu struju koja se diže iz mora tako što pruža svoja duga i uska krila da klizi. Dugačak kljun ovog POKeMON-a je koristan za hvatanje plena. Svoje gnezdo pravi na strmoj litici na ivici mora. Ima problema da zadrži krila u letu. Umesto toga, leti na uzlaznim strujama.",6,95,54,FALSE,FALSE,generation-iii,40,30,30,55,30,85
Može reći kako se njegov trener oseća po suptilnim pomeranjima u zahvatu njegovih rogova. Ovaj empatičan osećaj im omogućava da trče kao da su jedno biće. Naseljavaju planinske krajeve. Vođa krda se odlučuje borbom sukobljenih rogova.,17,910,186,FALSE,FALSE,generation-vi,123,100,62,97,81,68
"Kada je njena grupa napadnuta, Pavmo je prvi koji skoči u bitku, pobeđujući neprijatelje borbenom tehnikom koja koristi električne šokove. Pavmo koristi jedinstvenu tehniku borbe u kojoj koristi svoje prednje šape da istovremeno udari neprijatelje i udari ih strujom iz jastučića šapa.",4,65,123,FALSE,FALSE,generation-ix,60,75,40,50,40,85
"Njegovo telo nalik gromadi je izuzetno tvrdo. Lako može da izdrži eksplozije dinamita bez oštećenja. Jednom kada skine kožu, njegovo telo postaje nežno i beličasto. Njegova koža se stvrdne kada je izložena vazduhu. Skida kožu jednom godišnje. Odbačena ljuska se odmah stvrdne i raspadne.",14,3000,223,FALSE,FALSE,generation-i,80,120,130,55,65,45
"Koristi pesmu i ples ubrzanog tempa da otera pticu Pokemone koja pleni njeno seme cveća. Sušni regioni su njihovo stanište. Kreću se ritmično, stvarajući zvuk sličan marakasu. Kada se ritmično kreće, ispušta zvuk sličan marakasima, zbog čega iznenađeni Pokemon beži.",10,280,161,FALSE,FALSE,generation-v,75,86,67,106,67,60
"U jesenjem mrijestu, mogu se vidjeti kako snažno plivaju po rijekama i potocima. U sezoni jesenjeg mrijesta mogu se vidjeti kako plivaju u punoj snazi uz rijeke i potoke. Posao mužjaka je da napravi gnezdo tako što izrezuje kamene gromade u potoku koristeći rog na glavi.",13,390,158,FALSE,FALSE,generation-i,80,92,65,65,80,68
"Menja boju tela da bi se uklopila sa okolinom. Takođe menja boju ako je srećna ili tužna. KECLEON je sposoban da menja svoje boje karoserije po želji kako bi se uklopio sa okolinom. Postoji jedan izuzetak - ovaj POKeMON ne može da promeni cik-cak obrazac na svom stomaku. KECLEON menja boju svog tela kako bi se stopio sa okolinom, omogućavajući mu da se neprimećeno prišunja svom plenu. Zatim juriša svojim dugim, rastezljivim jezikom da odmah uhvati metu bez sumnje.",10,220,154,FALSE,FALSE,generation-iii,60,90,70,60,120,40
"Mrzi svetlost i šok. Ako napadne, naduvava svoje telo da bi napumpao kontra udarac. Da bi sakrio svoj tamni rep, mirno živi u tami. Nikada nije prvi u napadu. Da bi sakrio svoj crni rep, živi u mračnoj pećini i kreće se samo noću.",13,285,142,FALSE,FALSE,generation-ii,190,33,58,33,58,33
"SKITTI ima naviku da bude fasciniran pokretnim objektima i juri ih okolo. Poznato je da ovaj POKeMON juri za sopstvenim repom i dobija vrtoglavicu. Poznato je da SKITTI razigrano juri za sopstvenim repom. U divljini, ovaj POKeMON živi u rupama u drveću šuma. Veoma je popularan kao kućni ljubimac zbog svog divnog izgleda. SKITTI-jevo divno slatko ponašanje čini ga veoma popularnim. U borbi, podiže rep. Preti neprijateljima oštrim režanjem.",6,110,52,FALSE,FALSE,generation-iii,50,45,45,35,35,50
"Instaliran je dodatni softver da bi postao bolji Pokemon. Međutim, počelo je da deluje čudno. Njegovo programiranje je modifikovano da omogući rad u vanzemaljskim dimenzijama. Nije funkcionisalo kako je planirano. Njegovo programiranje je modifikovano da bi mu omogućilo da putuje kroz vanzemaljske dimenzije. Izgleda da je možda došlo do greške...",9,340,241,FALSE,FALSE,generation-iv,85,80,70,135,75,90
"Pravi gnezdo kako bi odgovaralo svom dugačkom i mršavom telu. Drugi POKeMON ne mogu da uđu u gnezdo. Ne može se reći gde počinje rep. Uprkos kratkim nogama, brz je u lovu na RATTATA. Živi u uskim jazbinama koje odgovaraju njegovom vitkom telu. Što su gnezda dublja, to su lavirint više.",18,325,145,FALSE,FALSE,generation-ii,85,76,64,45,55,90
"Oni rasplamsavaju svoje ukrase i stvaraju energiju. Jedan Helioisk može proizvesti dovoljno struje za napajanje nebodera. On stimuliše svoje mišiće strujom, jačajući snagu u nogama i omogućavajući mu da pretrči 100 metara za pet sekundi. Sada nestala pustinjska kultura čuvala je ove Pokemone. Shodno tome, kada je Helioisk došao u oblast Galar, blago je došlo sa njima.",10,210,168,FALSE,FALSE,generation-vi,62,55,52,109,94,109
Pravi krznene lopte koje pucketaju od statičkog elektriciteta. Čuva ih sa bobicama u rupama drveća. Pravi struju sa kesama u obrazima i ispaljuje naboje iz repa. Živi na vrhovima drveća. Može se videti par kako trlja svoje obrazne kese zajedno u pokušaju da podele uskladištenu električnu energiju.,4,39,142,FALSE,FALSE,generation-iv,60,45,70,45,90,95
"Rasipa spore koje trepere i sijaju. Svako ko vidi ova svetla pada u dubok san. Dok uspava dan, hrani se sisanjem iz korena drveća. Budi se u padu noći, lutajući u potrazi za novim drvetom. Svoje sjajne spore raspršuje oko sebe. Iako su opasni, noćni obilasci šuma u ​​kojima živi Morelull su popularni.",2,15,57,FALSE,FALSE,generation-vii,40,35,55,65,75,15
"Ako nađe med, njegov polumesec svetli. Uvek liže šape jer su natopljene medom. Pre nego što u zimskom periodu dođe do oskudice hrane, navika je da gomila hranu na mnogim skrivenim lokacijama. Uvek liže med. Njena palma ima sladak ukus zbog svog meda koji je upio.",6,88,66,FALSE,FALSE,generation-ii,60,80,50,50,50,40
"Razvija mećave u planinama koje su uvek zatrpane snegom. To je odvratni snežak. Prekriva široka područja u snegu izazivajući mećave. Takođe je poznat kao „Ledeno čudovište“. Pojavljuju se kada cveta snežno cveće. Kada latice padaju, ponovo se povlače na nepoznata mesta.",22,1355,173,FALSE,FALSE,generation-iv,90,92,75,92,85,60
"Kada se spusti na sve četiri kao da moli za oproštaj, pokušava da namami protivnike da ih ubode svojom kopljastom kosom. Lukavim lukavstvom pokušava da namami ljude u šumu. Neki veruju da ima moć da podstakne useve.",8,125,130,FALSE,FALSE,generation-viii,65,60,45,75,55,70
"Kada se ne bori, Dreepi drži u rupama na svojim rogovima. Jednom kada bitka počne, lansira Dreepi kao supersonične projektile. Očigledno Dreepi unutar Dragapultovih rogova nestrpljivo čeka da bude lansiran brzinom Maha.",30,500,300,FALSE,FALSE,generation-viii,88,120,75,100,75,142
"Iz njegovog tela izvire prijatna aroma. Često ih Toucannon proguta cele, namamljen tom ljupkom ukusom. Iako je previše sladak za ljudsku ishranu, Bounsveetov znoj se može razvodniti u sok sa pravom količinom slatkoće. Zbog svoje slatke, ukusne arome, ptičji Pokemoni su uvek za njom, ali nisu dovoljno inteligentni da bi brinuli.",3,32,42,FALSE,FALSE,generation-vii,42,30,38,30,38,32
"Uobičajen prizor u šumama i šumama. Zamahuje krilima u nivou tla da bi podigao zaslepljujući pesak. Veoma poslušni. Ako je napadnut, često će podići pesak da bi se zaštitio, a ne da uzvrati. Obično se krije u visokoj travi. Pošto ne voli tuče, štiti se tako što podiže pesak.",3,18,50,FALSE,FALSE,generation-i,40,45,40,35,35,56
"Kada je napadnut od ptičjeg Pokemona, on izbacuje otrovni crni prah koji izaziva paralizu pri kontaktu. Prašak koji prekriva njegovo telo reguliše njegovu temperaturu, tako da može da živi u bilo kom regionu ili klimi.",3,25,40,FALSE,FALSE,generation-vi,38,35,40,27,25,35
"Poznato je da obara leteće bube preciznim eksplozijama mastila sa površine vode. Ako oseti bilo kakvu opasnost, snažno će prskati vodu ili posebnu vrstu mastila iz svojih usta. Ako ga napadne veći neprijatelj, brzo pliva na sigurno tako što vešto kontroliše svoje leđno peraje.",4,80,59,FALSE,FALSE,generation-i,30,40,70,70,25,60
"CAMERUPT ima vulkan unutar svog tela. Magma od 18.000 stepeni F teče kroz njegovo telo. Povremeno, grbe na leđima ovog POKeMON-a izbijaju, izbacujući pregrejanu magmu. Grbe na CAMERUPT-ovim leđima nastaju transformacijom njegovih kostiju. Ponekad eksplodiraju rastopljenu magmu. Ovaj POKeMON očigledno često eruptira kada je besan. POKEMON koji živi u krateru vulkana. Svakih 10 godina, vulkani na njegovim leđima nasilno eruptiraju. Istraživanja o uzroku erupcije su u toku.",19,2200,161,FALSE,FALSE,generation-iii,70,100,70,105,75,40
Čudno seme je posađeno na njegova leđa pri rođenju. Biljka niče i raste sa ovim POKeMON-om. Može da prođe danima bez pojedinog zalogaja. U sijalici na poleđini čuva energiju. Seme na leđima je ispunjeno hranljivim materijama. Seme stalno raste kako njegovo telo raste.,7,69,64,FALSE,FALSE,generation-i,45,49,49,65,65,45
"Jednom kada počne da divlja, GIARADOS će sve spaliti, čak i u jakoj oluji. Kažu da bi se tokom prošlih sukoba GIARADOS pojavio i ostavio za sobom plamteće ruševine. Retko se viđa u divljini. Ogroman i opak, sposoban je da u besu uništi čitave gradove.",65,2350,189,FALSE,FALSE,generation-i,95,125,79,60,100,81
"POKeMON koji je skoro do izumiranja bio pregažen. Može prevesti ljude preko vode. Nežna duša koja može da čita misli ljudi. Može da prevozi ljude preko mora na leđima. Imaju nežna srca. Pošto se retko tuku, mnogi su uhvaćeni. Njihov broj se smanjio.",25,2200,187,FALSE,FALSE,generation-i,130,85,80,85,95,60
"Sećanja na borbu protiv svog najvećeg rivala SEVIPER-a su urezana u svaku ćeliju ZANGOOSE-ovog tela. Ovaj POKeMON vešto izbegava napade neverovatnom agilnošću. ZANGUS obično ostaje na sve četiri, ali kada je ljut, ustaje na zadnje noge i pruža kandže. Ovaj POKeMON deli gorko rivalstvo sa SEVIPER-om koje datira kroz generacije. Kada se bori, stoji na zadnjim nogama i napada prednjim nogama sa oštrim kandžama. Krzno mu se načička ako naiđe na SEVIPER.",13,403,160,FALSE,FALSE,generation-iii,73,115,60,60,60,90
"Pretvara se u oblike drugih da ih iznenadi. Očigledno, često se pretvara u ćutljivo dete. Da bi se zaštitili od opasnosti, oni skrivaju svoj pravi identitet pretvarajući se u ljude i Pokemone. Menja se tako da izgleda baš kao njegov neprijatelj, prevari ga, a zatim koristi tu priliku da pobegne.",7,125,66,FALSE,FALSE,generation-v,40,65,40,80,40,65
"Ima plašljivu prirodu. Ako se prepadne, plamen na njegovim leđima gori jače. Plah je i uvek se sam savija u klupko. Ako je napadnut, rasteže leđa radi zaštite. Obično ostaje pogrbljen. Ako je ljut ili iznenađen, ispaljuje plamen iz leđa.",5,79,62,FALSE,FALSE,generation-ii,39,52,43,60,50,65
"Koriste svoje velike uši za kopanje jazbina. Kopaće celu noć. Ima uši kao lopate. Kopanje rupa toliko ojačava njegove uši da mogu bez napora da odseku debelo korenje. Odlikuje se kopanjem rupa. Koristeći svoje uši, može iskopati gnezdo duboko 33 stope za jednu noć.",4,50,47,FALSE,FALSE,generation-vi,38,36,38,32,36,57
"Lišće koje raste iz GROVILE-ovog tela pogodno je za kamufliranje od neprijatelja u šumi. Ovaj POKeMON je majstor u penjanju na drveće u džungli. Ovaj POKeMON vešto leti sa grane na granu na drveću. U šumi, nijedan POKeMON se ne može nadati da će uhvatiti GROVILE-a koji beži koliko god da je brz. Listovi rastu iz tela ovog POKeMON-a. Oni pomažu da se GROVILE zakloni od očiju njegovih neprijatelja dok je u gusto obrasloj šumi.",9,216,142,FALSE,FALSE,generation-iii,50,65,45,85,65,95
Potresanje njegove gornje polovine koja se smrzava je ono što generiše električnu energiju. Teško je hodati okolo. Ovaj Pokemon je živeo na praistorijskim obalama mora i bio je u stanju da čuva hranu sa ledom na telu. Izumro je jer se tako sporo kretao.,23,1500,177,FALSE,FALSE,generation-viii,90,100,90,90,80,55
"Njegova moćna glava ima dovoljno snage da razbije čak i najizdržljivije stvari pri udaru. Lobanja mu je tvrda kao gvožđe. To je zver koji ruši drveće džungle dok hvata plen. Ako bi se dvojica razbili glave, njihove lobanje debele do stopala bi ih sprečile da se onesveste.",16,1025,173,FALSE,FALSE,generation-iv,97,165,60,65,50,58
"Their ribbonlike feelers increase their psychic power. Uvek bulje u nešto. They intently observe both Trainers and Pokémon. Apparently, they are looking at something that only Gothita can see. Napeto gleda u sve. It can become so obsessed with watching that it doesn’t notice attacks.",4,58,58,FALSE,FALSE,generation-v,45,30,50,55,65,45
"Leži na toplim stenama i koristi toplotu koju apsorbuju njene ljuske u obliku kvadrata za stvaranje vatrene energije. Njegova plamena vreća je mala, tako da energija uvek curi napolje. Ova energija se oslobađa iz udubljenja na vrhu Fuecocoove glave i treperi tamo-amo.",4,98,62,FALSE,FALSE,generation-ix,67,45,59,63,40,36
"Kada lukovica na leđima poraste, izgleda da gubi sposobnost da stoji na zadnjim nogama. Sijalica na leđima raste crpeći energiju. Odaje aromu kada je spremna za cvetanje. Izlaganje sunčevoj svetlosti doprinosi njegovoj snazi. Sunčeva svetlost takođe čini da pupoljak na leđima postaje veći.",10,130,142,FALSE,FALSE,generation-i,60,62,63,80,80,60
"Par domaćin-parazit u kome je gljiva parazit preuzela bubu domaćina. Preferira vlažna mesta. Domaćinu bube energiju crpe pečurke na leđima. Čini se da sve razmišljaju. Uglavnom se zadržava na mračnim, vlažnim mestima, ne preferira bube, već velike pečurke na leđima.",10,295,142,FALSE,FALSE,generation-i,60,95,80,60,80,30
"Kada se ovaj Pokemon širi i skuplja svoje klimavo telo, dinamo pupka u njegovom stomaku proizvodi ogromnu količinu struje. Ono što izgleda kao očne jabučice su zapravo organi za pražnjenje struje koju proizvodi Belliboltov dinamo za pupak.",12,1130,173,FALSE,FALSE,generation-ix,109,64,91,103,83,45
"Sada kada su moždani talasi iz glave i repa sinhronizovani, psihička moć ovog Pokemona je 10 puta jača od Girafarigove. Očvrsla glava od repa štiti glavu glavnog tela dok Farigiraf okreće svoj dugi vrat oko neprijatelja koji udara glavom.",32,1600,260,FALSE,FALSE,generation-ix,120,90,70,110,70,60
"Njegovo telo je gasovito i krhko. Polako raste dok skuplja prašinu iz atmosfere. U prošlim vekovima zvali su ga dete zvezda. Rečeno je da je to Pokemon iz drugog sveta, ali nikakvi konkretni detalji nisu poznati. Iako njegovo bespomoćno, gasovito telo može da oduva i najmanji povetarac, izgleda da ga nije briga.",2,1,40,TRUE,FALSE,generation-vii,43,29,31,29,31,37
"Tokom dana spava i upija svetlost. Kada padne noć, hoda okolo tražeći sigurnije mesto za spavanje. Odaju sladak i osvežavajući miris. Cutiefli se često okupljaju u blizini visoke trave gde se kriju Fomantisi. Kada sunce izađe, Fomantis širi svoja četiri lista i kupa se u sunčevoj svetlosti. Vrh njegove glave ima prijatnu aromu.",3,15,50,FALSE,FALSE,generation-vii,40,55,35,50,35,35
"Bez obzira ko ste, ako unesete jake emocije u blizinu ovog Pokemona, on će vas nasilno ućutkati. Koristeći pletenice na glavi, udara neprijatelje kako bi ih utišali. Jedan udarac tih pletenica bi nokautirao profesionalnog boksera.",6,48,130,FALSE,FALSE,generation-viii,57,40,65,86,73,49
"Sa svojim moćnim ušima, mogu sa lakoćom da podignu kamene gromade od tone ili više. Oni mogu biti od velike pomoći na gradilištima. Snažan poput bagera, njegove uši mogu pretvoriti gustu podlogu u ruševine. Kada završi kopanje, lenjo se odmara. Sa snagom jednakom bageru, može kopati kroz gustu podlogu. To je velika pomoć tokom izgradnje tunela.",10,424,148,FALSE,FALSE,generation-vi,85,56,77,50,77,78
"Sa čeličnim živcima, ništa ga ne može poremetiti. Agilniji je i aktivniji nego što se čini. Stalno grize balvane i kamenje da bi srušio prednje zube. Gnezdi se pored vode. Poređenje je otkrilo da BIDOOF-ovi prednji zubi rastu istom brzinom kao i RATTATA-i.",5,200,50,FALSE,FALSE,generation-iv,59,45,40,35,40,31
"Njegov rep je toliko moćan da može da ga iskoristi da zgrabi granu drveta i da se drži u vazduhu. Živi na visokim drvećem. Kada skače sa grane na granu, vešto koristi rep za ravnotežu. Koristi rep da se drži za grane drveća. Koristi svoj zamah da se ljulja sa jedne grane na drugu.",8,115,72,FALSE,FALSE,generation-ii,55,70,55,40,55,85
"Ovaj POKeMON luta kroz vreme. Trava i drveće cvetaju u šumama u kojima se pojavio. Kada CELEBI nestane duboko u šumi, kaže se da ostavlja za sobom jaje koje je doneo iz budućnosti. Poštovan kao čuvar šume, CELEBI se pojavljuje svuda gde postoje prelepe šume.",6,50,270,FALSE,TRUE,generation-ii,100,100,100,100,100,100
"BRELOOM se približava svom neprijatelju laganim i živahnim pokretom nogu, a zatim zadaje udarce svojim rastegljivim rukama. Ova POKeMON-ova tehnika borbe čini boksere sramotnim. Seme koje zvoni BRELOOM-ov rep je napravljeno od očvrsnutih toksičnih spora. Užasno je jesti seme. Samo zalogaj ovog POKeMONovog semena će izazvati kruljenje u stomaku. Razbacuje spore iz rupa u kapici na glavi. Voli toplu i vlažnu klimu. Hrani se drvećem i biljkama u poljima i šumama.",12,392,161,FALSE,FALSE,generation-iii,60,130,80,60,60,70
"Kreće se po zemlji kao da klizi. Njegovi brzi pokreti zbunjuju svoje neprijatelje, a onda napada bičem vinove loze. Izbegavaju napade tonući u senke gustog lišća. Uzvraćaju majstorskim tehnikama bičevanja. Kada se zaprlja, njegovi listovi se ne mogu koristiti u fotosintezi, tako da se uvek održava čistim.",8,160,145,FALSE,FALSE,generation-v,60,60,75,60,75,83
"Pokazujući sjajan timski rad, koriste svoje sekutiće da iseku delove od bilo kog materijala koji bi mogao da bude koristan za gnezdo, a zatim pobegnu sa njima. Par se drži zajedno bez obzira na sve. Svaku hranu koju pronađu dele tačno na pola i onda je jedu zajedno.",3,18,61,FALSE,FALSE,generation-ix,50,50,45,40,45,75
"Ovo božanstvo čuvara Akale je besprekorno okrutno. Mirisna aroma cveća je izvor njene energije. Dok leprša unaokolo, raspršuje svoje čudno sjajne krljušti. Kaže se da dodirivanje njih vraća dobro zdravlje na licu mesta. Leči rane ljudi i Pokemona tako što ih posipa svojim svetlucavim krljuštima. Ovo božanstvo čuvar obožava se na Akali.",12,186,257,TRUE,FALSE,generation-vii,70,85,75,130,115,95
"Kao rezultat skladištenja previše električne energije, razvile su se mrlje na kojima čak ni vuna neće rasti. Njegovo puhasto runo lako skladišti električnu energiju. Njegova gumena koža štiti ga od strujnog udara. Zbog svoje gumene kože otporne na električnu energiju, može da skladišti mnogo električne energije u svom krznu.",8,133,128,FALSE,FALSE,generation-ii,70,55,55,80,60,45
"Oni puze iz okeana koristeći svoje ruke. Oni će napasti plen na obali i odmah ga odvući u okean. Svojim ustima usisavaju plen. Zatim koriste svoje očnjake da udare plen strujom. Ustima se hvata za plen, zariva se u očnjake i šokira plen snažnim elektricitetom.",21,805,232,FALSE,FALSE,generation-v,85,115,80,105,80,50
"Kada je uplašen, ovaj Pokemon plače. Njegove suze pune hemijski udar od 100 luka, a napadači neće moći da odole da plaču. Kada se pokvasi, njegova koža menja boju, a ovaj Pokemon postaje nevidljiv kao da je kamufliran.",3,40,62,FALSE,FALSE,generation-viii,50,40,40,70,40,70
"Ovo divlje stvorenje obavijeno je velom misterije. Ime je dobio po vodenom čudovištu koje se pominje u starom ekspedicijskom časopisu. Podseća na ilustraciju objavljenu u paranormalnom časopisu, za koju se kaže da je prikaz super-drevnog Suicunea.",35,2800,295,FALSE,FALSE,generation-ix,99,83,91,125,83,109
"Kada sklopi svoje telo i raširi krila, izgleda kao mlazni avion. Leti zvučnom brzinom. Leti brzinom jednakom mlaznom borbenom avionu. Nikada ne dozvoljava svom plenu da pobegne. Rečeno je da kada neko trči velikom brzinom, njegova krila stvaraju oštrice vetra koje mogu pasti na obližnje drveće.",19,950,270,FALSE,FALSE,generation-iv,108,130,95,80,85,102
"TORCHIC se drži svojim TRENEROM, prateći pozadi nesigurnim koracima. Ovaj POKeMON diše vatru od preko 1800 stepeni F, uključujući vatrene kugle koje ostavljaju neprijatelja crnim. TORCHIC ima mesto u svom telu gde drži svoj plamen. Zagrlite ga - zasijaće toplinom. Ovaj POKeMON je svuda prekriven pahuljastim slojem paperja. Ako je napadnut, uzvraća udarac pljuvanjem vatrenih kugli koje formira u stomaku. TORCHIC ne voli tamu jer ne može da vidi svoju okolinu.",4,25,62,FALSE,FALSE,generation-iii,45,60,40,70,50,45
"Stalno poskakuje, koristeći rep kao oprugu. Šok od poskakivanja održava njegovo srce da kuca. SPOINK poskakuje na repu. Šok njegovog poskakivanja čini da mu srce pumpa. Kao rezultat toga, ovaj POKeMON ne može priuštiti da prestane da poskakuje - ako stane, njegovo srce će stati. SPOINK drži biser na vrhu glave. Biser funkcioniše da pojača psihokinetičke moći ovog POKeMON-a. Stoga je u stalnoj potrazi za većim biserom.",7,306,66,FALSE,FALSE,generation-iii,60,25,35,70,80,60
Izražava svoja osećanja udarajući vagu. Metalni zvuci odjekuju kroz visoke planine u kojima živi Jangmo-o. Žive u planinama gde se ne mogu otkriti tragovi ljudi. Jangmo-o rastu malo po malo dok se bore jedni protiv drugih. Lupa vagu na glavi o kamenje ili o tlo da uplaši svoje protivnike. Takođe može kontaktirati svoje prijatelje sa ovim zvukovima.,6,297,60,FALSE,FALSE,generation-vii,45,55,65,45,45,45
"Povlači velika stabla uz korenje i zamahuje ih. On izaziva rast vegetacije, a zatim apsorbuje energiju iz rasta. Božanstvo čuvara Ula'ule je lenji Pokemon. Naređuje biljkama da imobiliziraju svoje neprijatelje, a zatim im zadaje divlji udarac svojim rogovima. Iako se naziva božanstvom čuvarom, dovoljno je nasilno da uništi svakoga koga vidi kao neprijatelja.",19,455,257,TRUE,FALSE,generation-vii,70,130,115,85,95,75
"Jednom dnevno umanjuje svoju težinu u hrani, gutajući hranu celu bez žvakanja. Skriva hranu ispod duge dlake na telu. Međutim, zaboravlja da je sakrila hranu. U svom očaju da proguta hranu, zaboravlja na hranu koju je sakrila ispod svog krzna.",6,1050,78,FALSE,FALSE,generation-iv,135,85,40,40,85,5
"Rečeno je da živi u ogromnim kolonijama duboko u džungli, iako se niko nikada nije vratio odatle. Primami plen slatkom aromom meda. Progutana cela, plen se topi za dan, kosti i sve. KISELA koja je rastvorila mnogo plena postaje slađa, što je čini još efikasnijom u privlačenju plena.",17,155,221,FALSE,FALSE,generation-i,80,105,65,100,70,70
"Uvek se mršti u pokušaju da natera protivnike da to shvate ozbiljno, ali čak i uplakana deca će prasnuti u smeh kada vide Mašifovo lice. Njegova dobro razvijena vilica i očnjaci su dovoljno jaki da se probijaju kroz gromade, a gusta masnoća čini odličnu odbranu.",5,160,68,FALSE,FALSE,generation-ix,60,78,60,40,51,51
"Još nije vešt u skladištenju električne energije. Može izazvati potres ako se zabavi ili zaprepasti. Uprkos svojoj maloj veličini, može da ubije čak i odrasle ljude. Međutim, ako to uradi, to takođe iznenađuje samo sebe. Nije vešt u skladištenju električne energije. Bilo koja vrsta šoka izaziva spontano pražnjenje energije.",3,20,41,FALSE,FALSE,generation-ii,20,40,15,35,35,60
Istkajte tepih od njegove elastične vune i na kraju ćete dobiti nešto što je bliže trampolinu. Počećete da odskačete onog trenutka kada stupite na njega. Njegovi veličanstveni rogovi su namenjeni samo da impresioniraju suprotni pol. Oni nikada ne vide upotrebu u borbi.,13,430,172,FALSE,FALSE,generation-viii,72,80,100,60,90,88
"Sjajne čestice se oslobađaju sa njegovih krila kao veo. Kaže se da predstavlja polumesec. U noćima oko četvrtine meseca, aurora iz njegovog repa se proteže i divno talasa. Oni koji spavaju držeći KRESELIJINO pero sigurni su u radosne snove. Kaže se da predstavlja polumesec.",15,856,270,TRUE,FALSE,generation-iv,120,70,110,75,120,85
"LILEEP je izumro pre otprilike sto miliona godina. Ovaj drevni POKeMON se zakači za kamen na morskom dnu i hvata plen koji se približava pipcima u obliku cvetnih latica. LILEEP je drevni POKeMON koji je regenerisan iz fosila. Ostaje trajno usidren za stenu. Sa svog nepokretnog grgeča, ovaj POKeMON pažljivo traži plen sa svoja dva oka. Prerušava se u morsku algu tako što njiše svoje pipke. Nesuđeni plen koji dođe previše blizu guta se ceo. Izumro je pre 100 miliona godina.",10,238,71,FALSE,FALSE,generation-iii,66,41,77,61,87,23
Legendarna ptica POKeMON za koju se kaže da se pojavljuje iz oblaka dok ispušta ogromne munje. Za ovu legendarnu pticu POKeMON se kaže da se pojavljuje kada se nebo zatamni i munje zapljusne. Ova legendarna ptica POKeMON izaziva divlje grmljavine mašući svojim blistavim krilima.,16,526,261,TRUE,FALSE,generation-i,90,90,85,125,90,100
"Voli slatkiše jer postaju energija za vatru koja gori u njegovom telu. U njegovom telu gori plamen. Rasipa žeravicu sa glave i repa da bi spalila svoje protivnike. Kada se uzbudi, žar mu se diže iz glave i repa i postaje vruće. Iz nekog razloga voli slatkiše.",10,280,174,FALSE,FALSE,generation-v,75,98,63,98,63,101
"Kada je napadnut, beži pucanjem pamuka sa svog tela. Pamuk služi kao mamac za odvraćanje pažnje napadača. Oni idu kuda ih vetar odnese. Za kišnih dana njihova tela su teža, pa se sklanjaju ispod velikog drveća. Možda zato što se osećaju lagodnije u grupi, drže se drugih koje pronađu. Na kraju izgledaju kao oblak.",3,6,56,FALSE,FALSE,generation-v,40,27,60,37,50,66
"Ovaj mirni Pokemon je veoma saosećajan. Svoje ukusno ulje bogato hranljivim materijama deliće sa oslabljenim Pokemonima. Ovaj Pokemon tera neprijatelje tako što baca svoje bogato, aromatično ulje na njih sa dovoljno snage da razbije kamen.",14,482,255,FALSE,FALSE,generation-ix,78,69,90,125,109,39
"Veoma oprezan POKeMON, podiže se pomoću repa da bi imao bolji pogled na okolinu. Stoji na repu tako da može da vidi dug put. Ako uoči neprijatelja, glasno plače da upozori svoju vrstu. Kada deluje kao osmatrač, upozorava druge na opasnost tako što škripi i udara repom o zemlju.",8,60,43,FALSE,FALSE,generation-ii,35,46,34,35,45,20
"Ovaj Pokemon se borio protiv ljudi kako bi zaštitio svoje prijatelje. Legende o tome i dalje se prenose. Na glavi joj niču rogovi oštri kao oštrice. Koristeći pokrete poput vihora, zbunjuje i brzo seče protivnike. Legende kažu da je ovaj Pokemon zbunio protivnike svojim brzim pokretima.",20,2000,261,TRUE,FALSE,generation-v,91,90,72,90,129,108
"Kada pronađe malog Pokemona, plete mu odeću od lišća, koristeći sekače na rukama i lepljivu svilu. Svoja jaja održava toplim toplotom od fermentiranog lišća. Takođe koristi lišće za pravljenje toplih obloga za Sevadl. Kada pronađe malog Pokemona, on mu plete odeću od lišća koristeći lepljivu svilu koja se izlučuje iz njegovih usta.",12,205,225,FALSE,FALSE,generation-v,75,103,80,70,80,92
"Ako vidi bilo kakvo kretanje oko sebe, ovaj Pokemon ga odmah nabacuje, vodeći svojom oštro zašiljenom vilicom. Veoma je ponosan na tu vilicu. Nakon što se do kraja pojede, njegovi pokreti postaju izuzetno tromi. Tada ga Cramorant proguta.",5,10,56,FALSE,FALSE,generation-viii,41,63,40,40,30,66
"Kada se njegovo telo osuši, ono slabi. Dakle, da bi se sprečila dehidracija, umotava se u mnogo slojeva tanke membrane. Nakon što je uklonio svoju tešku školjku, postaje veoma lagan i može se boriti pokretima poput nindži. Kada se njegovo telo osuši, ono slabi. Dakle, obavija membranu oko sebe radi zaštite dok ispušta otrov.",8,253,173,FALSE,FALSE,generation-v,80,70,40,100,60,145
"Kradu od ljudi iz zabave, ali njihove žrtve ne mogu a da im ne oproste. Njihov varljivo sladak čin je savršen. Njegov slatki čin je smicalica. Kada žrtve popuste, pronalaze svoje stvari oduzete. Napada oštrim kandžama. Njihov slatki čin je smicalica. Oni prevare ljude i kradu njihove dragocenosti samo da bi videli izraze na njihovim licima.",4,101,56,FALSE,FALSE,generation-v,41,50,37,50,37,66
"Njihovi oblici izgledaju kao hijeroglifi na drevnim tab letovima. Kažu da su to dvoje na neki način povezani. Njegovo ravno, tanko telo je uvek zaglavljeno na zidovima. Čini se da njegov oblik ima neko značenje. Pošto postoje različite vrste NESVOJNIH, kaže se da moraju imati različite sposobnosti.",5,50,118,FALSE,FALSE,generation-ii,48,72,48,72,48,48
"Svaki prati naređenja svog trenera najbolje što može, ali ponekad ne razumeju komplikovane komande. Ovi Pokemoni žive u gradovima. Navikli su na ljude. Jata se često okupljaju u parkovima i trgovima. Ovaj veoma zaboravni Pokemon će čekati novu narudžbu od svog trenera iako je već ima.",3,21,53,FALSE,FALSE,generation-v,50,55,50,36,30,43
"Vrh njegovog repa, koji sadrži ulje koje je lakše od vode, omogućava mu da pliva bez da se udavi. Kraj njegovog repa služi kao bova koja ga sprečava da se utopi, čak i u opakoj struji. Krzno na njegovom telu prirodno odbija vodu. Može ostati suv, čak i kada se igra u vodi.",4,85,88,FALSE,FALSE,generation-ii,70,20,50,20,50,40
"Telo je mekano i gumeno. Kada je ljut, usisaće vazduh i naduvati se do ogromne veličine. Njegovo telo je puno elastičnosti. Duboko udišući, može nastaviti da se naduvava bez ograničenja. Njihovo krzno je tako dobro da ako se dvoje priljube zajedno, neće želeti da budu razdvojeni.",10,120,196,FALSE,FALSE,generation-i,140,70,45,85,50,45
"SVELLOV leti visoko iznad naših glava, praveći graciozne lukove na nebu. Ovaj POKeMON roni pod strmim uglom čim uoči svoj plen. Nesrećni plen je čvrsto stegnut SVELLOV-ovim kandžastim stopalima, sprečavajući bekstvo. SVELLOV je veoma savesan u pogledu održavanja svojih sjajnih krila. Kada se sakupe dva BURAKA, oni se marljivo brinu o čišćenju krila jedan drugom. BLAST ronjenja na plen daleko odozgo. Nikada ne promašuje svoje mete. Odlazi do neba u potrazi za zemljama sa toplom klimom.",7,198,159,FALSE,FALSE,generation-iii,60,85,60,75,50,125
"Iznenadna transformacija Carbinka, njegovo ružičasto, svetlucavo telo se kaže da je najlepši prizor na celom svetu. Može trenutno da stvori mnogo dijamanata kompresijom ugljenika u vazduhu između svojih ruku.",7,88,270,FALSE,TRUE,generation-vi,50,100,150,100,150,50
"Ima najveće latice na svetu. Sa svakim korakom, latice izbacuju teške oblake toksičnog polena. Što su mu latice veće, to više toksičnog polena sadrži. Njegova velika glava je teška i teško se drži. Zamahuje širokim cvetnim laticama kako bi raspršio otrovni polen. Zvuk pljeskanja je veoma glasan.",12,186,221,FALSE,FALSE,generation-i,75,80,85,110,90,50
Upija hranljive materije iz zidova pećine. Latice koje nosi su napravljene od kristalizovanog otrova. Glimmetovi toksični mineralni kristali izgledaju baš kao latice cveća. Ovaj Pokemon raspršuje otrovni prah poput polena da bi se zaštitio.,7,80,70,FALSE,FALSE,generation-ix,48,35,42,105,60,60
"Užurbano maše svojim malim krilima da poleti. Koristeći kljun, traži plen u travi. Jede bube u travnatim područjima. Mora da maše svojim kratkim krilima velikom brzinom da bi ostao u vazduhu. Nesposoban za visoko letenje. Međutim, može da leti okolo veoma brzo da zaštiti svoju teritoriju.",3,20,52,FALSE,FALSE,generation-i,40,60,30,31,31,70
"Mnogi se plaše i mrze, a veruje se da donosi nesreću svima koji ga vide noću. Kaže se da kada je juren, mami svog napadača na mračne planinske staze gde će se neprijatelj izgubiti. Sakriva svaki sjajni predmet koji pronađe na tajnoj lokaciji. MURKROV i MEOVTH međusobno pljačkaju zalihe.",5,21,81,FALSE,FALSE,generation-ii,60,85,42,85,42,91
"Nakon što se ponovo rodio kao pokemon duh, Dreepi luta oblastima koje je nekada nastanjivao dok je bio živ u praistorijskim morima. Ako je ovaj slab Pokemon sam po sebi, samo dete bi ga moglo pobediti. Ali ako Dreepi ima prijatelje koji mu pomažu da trenira, može da evoluira i postane mnogo jači.",5,20,54,FALSE,FALSE,generation-viii,28,60,30,40,30,82
Kažu da spaljuje sve oko sebe munjom iz njenog krzna. O ovom stvorenju se vrlo malo zna. Sliči na Pokemona koji je nakratko postao vruća tema nakon što ga je jedan paranormalni časopis reklamirao kao Raikouovog pretka.,52,4800,295,FALSE,FALSE,generation-ix,125,73,91,137,89,75
Ima divljačku prirodu. Hrabro će izazvati neprijatelje koji su mnogo veći. Mišići na njegovim krilima i nogama su jaki. Lako može da leti dok drži malog Pokemona. Nikada ne prestaje da napada čak i ako je povređen. Nervira se oko oblika svog češlja.,12,249,218,FALSE,FALSE,generation-iv,85,120,70,50,60,100
"Vrh repa sjajno sija i može se videti izdaleka. Deluje kao svetionik za izgubljene ljude. Jarka svetlost na njegovom repu može se videti daleko. Od davnina je cenjena kao svetionik. Kada padne mrak, svetlost njegovog sjajnog, sjajnog repa može se videti izdaleka na površini okeana.",14,615,230,FALSE,FALSE,generation-ii,90,75,85,115,90,55
Pipci su obično kratki. U lovu se proširuju da zarobe i imobiliziraju plen. Njegovih 80 pipaka može se slobodno istegnuti i skupiti. Omotaju plen i oslabe ga otrovom. Njegovih 80 pipaka upijaju vodu i protežu se skoro beskonačno kako bi SUGRILI svoj plen i neprijatelje.,16,550,180,FALSE,FALSE,generation-i,80,70,65,80,120,100
"Jednom nogom se usidri u zemlju, a zatim se kupa na suncu. Nakon što apsorbuje dovoljno sunčeve svetlosti, njegove latice se šire dok sjajno cveta. Vrti se na vetru dok peva radosnu pesmu. Ovaj divan prikaz očarao je mnoge da odgajaju ovog Pokemona.",4,22,50,FALSE,FALSE,generation-viii,40,40,60,40,60,10
"Veoma je stidljivo. Plašiće se da se kreće ako je sam. Ali biće aktivan ako je u grupi. Kada vreme postane hladno, puno LEDIBA se okuplja svuda da se grupiše i greje jedna drugu. Plah je i skuplja se sa drugima. Tečnost koju luče noge ukazuje na njegovu lokaciju.",10,108,53,FALSE,FALSE,generation-ii,40,20,30,40,80,55
"Budite oprezni ako okrene leđa tokom bitke. To znači da će napasti sa vatrom na leđima. Ovaj POKeMON je u potpunosti prekriven nezapaljivim krznom. Može izdržati bilo koju vrstu vatrenog napada. Pre bitke, okreće leđa svom protivniku da pokaže koliko žestoko bukti njegova vatra.",9,190,142,FALSE,FALSE,generation-ii,58,64,58,80,65,80
"Šiljasto krzno na leđima obično miruje. Kada se ovaj Pokemon uznemiri, krzno mu se diže i ubode u napadače. Duge dlake na leđima deluju kao gromobran. Munje koje privlači čuvaju se kao energija u njegovoj električnoj vrećici. Kada je iznenađen ili uznemiren, 14 krznenih šiljaka na leđima će nehotice ustati.",3,33,152,FALSE,FALSE,generation-vii,65,98,63,40,73,96
"Loše raspoložen, bori se divlje mašući svojim bodljikavim repom. List koji raste na glavi je veoma gorak. Napada neprijatelje udarcima repa prekrivenog trnjem. Ovaj Pokemon je divljeg temperamenta. Udara svoje neprijatelje repom prekrivenim trnjem. List na glavi je gorak.",11,305,174,FALSE,FALSE,generation-v,75,98,63,98,63,101
"Tadbulb trese repom da bi proizveo električnu energiju. Ako oseti opasnost, učiniće da mu glava trepće i gasi kako bi upozorila svoje saveznike. Pluta koristeći električnu energiju uskladištenu u njegovom telu. Kada budu grmljavinski oblaci, Tadbulb će lebdeti više od zemlje.",3,4,54,FALSE,FALSE,generation-ix,61,31,41,59,35,45
"Crvena glava pretvara začinjene hemikalije u energiju vatre i raznosi okolinu super začinjenom strujom plamena. Zelena glava je postala zlobna zbog začinjenih hemikalija koje stimulišu njen mozak. Jednom kada divlja, nema ga zaustaviti.",9,150,170,FALSE,FALSE,generation-ix,65,108,65,108,65,75
"CASCOON pravi svoju zaštitnu čahuru tako što u potpunosti obavija svoje telo finom svilom iz usta. Kada svila obiđe njeno telo, ona se stvrdne. Ovaj POKeMON se priprema za svoju evoluciju unutar čaure. Ako je napadnut, CASCOON ostaje nepomičan koliko god teško bio povređen. To čini zato što ako bi se pomerio, njegovo telo bi bilo slabo tokom evolucije. Ovaj POKeMON takođe neće zaboraviti bol koji je pretrpeo. Da bi izbegao da ga neprijatelji otkriju, nepomično se krije ispod velikog lišća i u prazninama grana. Takođe pričvršćuje mrtve listove na svoje telo radi kamuflaže.",7,115,72,FALSE,FALSE,generation-iii,50,35,55,25,25,15
Njegove kandže gube struju sa dovoljnom amperažom da izazovu nesvesticu. Žive u malim grupama. Naslanja prednje noge na druge da bi komunicirao ritmičkim električnim impulsima iz svojih kandži. Snažna struja teče kroz vrhove njegovih oštrih kandži. Lagana ogrebotina izaziva nesvesticu kod neprijatelja.,9,305,127,FALSE,FALSE,generation-iv,60,85,49,60,49,60
"Ovaj Pokemon može da skladišti energiju u svom velikom oklopu. Mabosstiff oslobađa ovu energiju odjednom da oduva neprijatelje. Mabostif voli da se igra sa decom. Iako obično nežan, poprima zastrašujući izgled kada štiti svoju porodicu.",11,610,177,FALSE,FALSE,generation-ix,80,120,90,60,70,85
"Kako raste, kameni delovi njegovog tela očvršćavaju se da bi postali slični dijamantu, ali obojeni u crno. Kopa se velikom brzinom u potrazi za hranom. Tunele koje napušta DIGLETT-i koriste kao domove. Izvija se i migolji kroz zemlju. Gromoglasna graja njenog tuneliranja odjekuje daleko.",88,2100,77,FALSE,FALSE,generation-i,35,45,160,30,45,70
U svom telu formira ugalj. Ugalj koji je ovaj Pokemon ispustio nekada je pomogao da podstakne živote ljudi u regionu Galar. Brzim kotrljanjem nogu može da putuje brzinom od preko 18 mph. Temperatura plamena koji udiše prelazi 1.800 stepeni Farenhajta.,11,780,144,FALSE,FALSE,generation-viii,80,60,90,60,70,50
"Jedan od misterioznih oblika života poznatih kao Ultra zveri. Zapanjujuće strujne udare izbijaju iz celog tela, kažu svedoci. Pojavio se iz Ultra crvotočine. Upao je u elektranu, pa ljudi misle da se napaja strujom. Iako je stran ovom svetu i predstavlja opasnost ovde, to je očigledno uobičajen organizam u svetu gde inače živi.",38,1000,257,FALSE,FALSE,generation-vii,83,89,71,173,71,83
"Podseća na Ultra zveri, ovaj oblik života, koji očigledno spava pod zemljom, smatra se da je došao iz drugog sveta u davna vremena. Svetlost je očigledno izvor njegove energije. Izuzetno je opakog raspoloženja i neprestano ispaljuje laserske zrake. Izgleda nekako bolno dok besni okolo u potrazi za svetlošću, koja mu služi kao energija. Očigledno je iz drugog sveta.",24,2300,270,TRUE,FALSE,generation-vii,97,107,101,127,89,79
"Razvijajući svoja krila, stvara udarne talase koji nanose kritične unutrašnje povrede neprijateljima. Njegova snaga vilice je neverovatna. Vješt je da razjedini neprijatelje dok leti velikom brzinom. Ovaj šestonožni Pokemon je lako sposoban da preveze odraslu osobu u letu. Krila na repu pomažu mu da ostane u ravnoteži.",19,515,180,FALSE,FALSE,generation-iv,86,76,86,116,56,95
Može zadati vatreni udarac tako što će zapaliti pesnice svojom vatrenom bradom. Duboko brine o svojim prijateljima. Savladao je brze i moćne borbene poteze. Raste vatrena brada. Zapaljena brada vatre je dokaz da je zapaljena. Vješt je u korišćenju mnogo različitih poteza.,16,1500,238,FALSE,FALSE,generation-v,110,123,65,100,65,65
"Jede bobice i skladišti njihovo seme u kljunu. Kada naiđe na neprijatelje ili plen, ispaljuje sve seme u rafalu. Savijanjem kljuna može proizvesti razne pozive i označiti se kao bučna smetnja za svoje komšije. Može da savije vrh svog kljuna da proizvede preko stotinu različitih krikova po volji.",6,148,124,FALSE,FALSE,generation-vii,55,85,50,40,50,75
"Listovi na glavi su veoma gorki. Poznato je da jedenje jednog od ovih listova osvežava umorno telo. Pošto više vole vlažno tlo bogato hranljivim materijama, poznato je da su područja u kojima živi Petilil dobra za uzgoj biljaka. Listovi na glavi rastu čak i ako ispadnu. Ovo gorko lišće osvežava one koji ih jedu.",5,66,56,FALSE,FALSE,generation-v,45,35,50,70,50,30
"Ugrize bilo šta kada napadne. Mali i veoma brz, to je uobičajen prizor na mnogim mestima. Žvaće bilo koju stvar svojim očnjacima. Ako vidite jednog, sigurno je da još 40 živi u okolini. Jede bilo šta. Gde god je hrana dostupna, ona će se smiriti i kontinuirano proizvoditi potomstvo.",3,35,51,FALSE,FALSE,generation-i,30,56,35,25,35,72
"Pozdravljaju se tako što se trljaju repovima, koji su uvek dobro održavani i čisti. Ovi Pokemoni preferiraju uredno stanište. Uvek mete i brišu prašinu, koristeći svoje repove kao metle. Minčino se pozdravljaju tako što se temeljno neguju repovima.",4,58,60,FALSE,FALSE,generation-v,55,50,40,40,40,75
"Garganacl će trljati vrhove prstiju i posipati povređene Pokemone solju. Čak i teške rane će brzo zaceliti nakon toga. Mnogi Pokemoni se okupljaju oko Garganakla, nadajući se da će lizati njegovu so bogatu mineralima.",23,2400,250,FALSE,FALSE,generation-ix,100,100,130,45,90,35
"Smatra se da je dobar Pokemon za početnike zbog svoje druželjubivosti, ali njegovo raspoloženje postaje grublje kako odrasta. Ovaj Pokemon živi sa ljudima od davnina. Može da oseti kada je njegov trener na deponijama i drži se blizu njegovog trenera. Kako se razvijaju, njihovo raspoloženje postaje sve nasilnije i agresivnije. Mnogi treneri ih smatraju previše da bi ih mogli nositi i napustiti.",5,92,56,FALSE,FALSE,generation-vii,45,65,40,30,40,60
"Ako se prekine dok oponaša, šamaraće prestupnika svojim širokim rukama. Uvek vežba svoj čin pantomime. To tera neprijatelje da veruju da postoji nešto što zaista ne postoji. Vešt mimičar od rođenja, stiče sposobnost da stvara nevidljive objekte kako sazreva.",13,545,161,FALSE,FALSE,generation-i,40,45,65,100,120,90
"Kada grmljavinski oblaci prekriju nebo, pojaviće se. Svojom grivom može uhvatiti munje i uskladištiti struju. Griva mu se sija kada ispušta struju. Oni koriste svoje blistave grive da komuniciraju jedni sa drugima. Griva mu se sija kada ispušta struju. Oni koriste frekvenciju i ritam ovih blica za komunikaciju.",8,298,59,FALSE,FALSE,generation-v,45,60,32,50,32,76
"Njegovo celo telo je od stene. Ako se neki deo otkine u borbi, on pričvršćuje kamenje da bi se popravio. REGIROCK su ljudi odavno zapečatili. Ako je telo ovog POKeMON-a oštećeno u borbi, kaže se da sam traži odgovarajuće kamenje da bi se popravio. REGIROCK-ovo telo je u potpunosti sastavljeno od stena. Nedavno je jedna studija donela zapanjujuće otkriće da su sve stene otkopane sa različitih lokacija.",17,2300,261,TRUE,FALSE,generation-iii,80,100,200,50,100,50
"Očigledno preferira vruća mesta. Kada pada kiša, kaže se da para izlazi iz vrha njegovog repa. Plamen na vrhu njegovog repa proizvodi zvuk dok gori. Možete ga čuti samo na tihim mestima. Plamen na njegovom repu pokazuje snagu njegove životne snage. Ako je slab, i plamen gori slabo.",6,85,62,FALSE,FALSE,generation-i,39,52,43,60,50,65
Ovaj izuzetno opasan Pokemon poseduje ogromnu fizičku snagu. Njegovo stanište je uglavnom zabranjeno. Ovaj Pokemon ima naviku da grli svoje saputnike. Mnogi treneri su napustili ovaj svet nakon što im je kičme zgnječio njegov zagrljaj. Divlje maše rukama u znak zastrašivanja i upozorenja. Život je gotov za svakoga ko ne pobegne što je brže moguće.,21,1350,175,FALSE,FALSE,generation-vii,120,125,80,55,60,60
"Kada je ljuta, temperatura njegovog čuperka dostiže 600° F. Svoj čuperak koristi za pečenje bobica. Ovaj Pokemon živi u pećinama u vulkanima. Vatra u čuperku ​​na njegovoj glavi može da dostigne 600° F. Veoma inteligentan, peče bobice pre nego što ih pojede. Voli da pomaže ljudima.",6,110,63,FALSE,FALSE,generation-v,50,53,48,53,48,64
"Kada je vulkanski pepeo zamračio atmosferu, kaže se da je vatra Volkarone obezbedila zamenu za sunce. More vatre proguta okolinu njihovih bitaka, jer koriste svojih šest krila da razbacuju svoju žeravicu. Za koga se smatralo da je oličenje sunca, pojavilo se tokom strašno hladne zime i spasilo Pokemone od smrzavanja.",16,460,248,FALSE,FALSE,generation-v,85,60,65,135,105,100
Ovaj Pokemon može da kontroliše 100 tona palog snega. Igra se nevino skačući u lavine koje je izazvao i iz njih. Mržnja onih koji su davno stradali od mača zaogrnula se u sneg i postala Pokemon.,19,1522,285,TRUE,FALSE,generation-ix,80,120,80,90,65,135
"Njegove novoizrasle noge ga sprečavaju da trči. Čini se da više voli da pliva nego da pokušava da stoji. Pravac spirale na stomaku se razlikuje po površini. Veštije je u plivanju nego u hodanju. Pošto je vešt da hoda na svojim tek izraslim nogama, uvek pliva u vodi.",6,124,60,FALSE,FALSE,generation-i,40,50,40,40,40,90
"Rotira svoje ruke da bi proizveo struju, ali se lako umara, pa se samo malo puni. Čak i u najstrašnijoj oluji, ovaj POKeMON igra srećno ako grmljavina tutnji na nebu. Voli silovitu grmljavinu. Prostor između njegovih rogova treperi plavkasto-belo kada puni energiju.",6,235,72,FALSE,FALSE,generation-ii,45,63,37,65,55,95
"LUDICOLO počinje da igra čim čuje veselu, svečanu muziku. Za ovaj POKeMON se kaže da se pojavljuje kada čuje pevanje dece na planinarenju. Nakon što čuju poletan i veseo ritam, ćelije u LUDICOLO-ovom telu postaju veoma energične i aktivne. Čak iu borbi, ovaj POKeMON će pokazati neverovatnu količinu moći. Kada čuje prazničnu muziku, sve ćelije u njegovom telu se stimulišu i ono počinje da se kreće u ritmu. Ne prestaje ni kada se suoči sa teškim protivnikom.",15,550,216,FALSE,FALSE,generation-iii,80,70,70,90,100,70
"Pošto mu krila još nisu u potpunosti izrasla, mora da skače da bi se kretala. Uvek gleda u nešto. Obično se hrani na tlu, ali u retkim prilikama može skočiti na grane da kljuca izdanke. Izuzetno je dobar u penjanju na stabla drveća i voli da jede nove klice na drveću.",2,20,64,FALSE,FALSE,generation-ii,40,50,45,70,45,70
"Neverovatno spora i glupa. Potrebno je 5 sekundi da oseti bol kada je napadnut. Neverovatno spor i trom. Prilično je zadovoljno ležati bez brige o vremenu. Lenja u blizini vode. Ako se nešto ugrize za rep, neće ni primetiti ceo dan.",12,360,63,FALSE,FALSE,generation-i,90,65,65,40,40,15
"Kada se njegova unutrašnja vatra rasplamsa, njeni pokreti postaju oštriji i brži. Kada je u nevolji, emituje dim. Šta god jede postaje gorivo za plamen u njegovom stomaku. Kada se naljuti, intenzitet plamena se povećava. Što više jede, ima više goriva da vatru u stomaku pojača. Ovo ga ispunjava još većom snagom.",10,555,146,FALSE,FALSE,generation-v,90,93,55,70,55,55
"LOUDRED-ov urlik može potpuno desetkovati kuću sa drvenom konstrukcijom. Koristi svoj glas da kazni svoje neprijatelje. Okrugle uši ovog POKeMON-a služe kao zvučnici. GLASNO viče udarajući nogama. Nakon što prestane da viče, ovaj POKeMON neko vreme postaje nesposoban da čuje bilo šta. Ovo se smatra slabom tačkom. Postavlja okrugle zvučnike na glavu da napadne neprijatelje ultrazvučnim talasima velike jačine. Ona gradi moć udarajući po zemlji.",10,405,126,FALSE,FALSE,generation-iii,84,71,43,71,43,48
"EKSPLOUD izaziva zemljotrese podrhtavanjem koje stvara urlanjem. Ako ovaj POKeMON nasilno udiše iz otvora na svom telu, to je znak da se sprema da pusti ogroman rik. EKSPLOUD prenosi svoja osećanja drugima emitujući zvuke poput zvižduka iz cevi na svom telu. Ovaj POKeMON podiže glas samo kada je u borbi. Ima organe za stvaranje zvuka po celom telu. Komunicira sa drugima prilagođavajući ton i jačinu povika koje emituje.",15,840,221,FALSE,FALSE,generation-iii,104,91,63,91,73,68
"COMBUSKEN učvršćuje noge i bedra trčeći kroz polja i planine. Noge ovog POKeMON-a poseduju i brzinu i snagu, što mu omogućava da izvede deset udaraca u jednoj sekundi. COMBUSKEN se bori sa intenzivno vrelim plamenom koji izbacuje iz svog kljuna i sa izuzetno destruktivnim udarcima. Ovaj POKeMONov krik je veoma glasan i ometajući. Izbija sa 10 udaraca u sekundi. Njegov jak borbeni instinkt ga tera da nastavi ofanzivu sve dok protivnik ne odustane.",9,195,142,FALSE,FALSE,generation-iii,60,85,60,85,60,55
Ima telo tvrdo od čelika. Zastrašuje neprijatelje tako što podiže svoje kliješta sa uzorkom očiju. Zamahuje svojim kleštima sa uzorkom očiju da uplaši svoje neprijatelje. Ovo čini da izgleda kao da ima tri glave. Njegova krila se ne koriste za letenje. Pokreću se velikom brzinom da bi se podesila temperatura tela.,18,1180,175,FALSE,FALSE,generation-ii,70,130,100,55,80,65
"Sposoban da kopira genetski kod neprijatelja da se trenutno transformiše u duplikat neprijatelja. Kada uoči neprijatelja, njegovo telo se pretvara u gotovo savršenu kopiju svog protivnika. Može se transformisati u bilo šta. Kada spava, pretvara se u kamen kako ne bi bio napadnut.",3,40,101,FALSE,FALSE,generation-i,48,48,48,48,48,48
"Kada zvezde trepere na noćnom nebu, ono vijori unaokolo, raspršujući sjajni prah. Uzorci zvezda na leđima postaju sve veći ili manji u zavisnosti od broja zvezda na noćnom nebu. Tokom dana kada postane toplo, sklupča se u velikom listu i utone u duboki san.",14,356,137,FALSE,FALSE,generation-ii,55,35,50,55,110,85
Viviljon sa mnogo različitih šara nalazi se širom sveta. Na ove obrasce utiče klima njihovog staništa. Obrasci na krilima ovog Pokemona zavise od klime i topografije njegovog staništa. Razbacuje šarene ljuspice.,12,170,185,FALSE,FALSE,generation-vi,80,52,50,90,50,89
NUZLEAF živi u gusto obraslim šumama. Povremeno se usuđuju da izađu iz šume da bi zaplašili ljude. Ovaj POKeMON ne voli da mu se dugi nos štipa. Ovaj POKeMON izvlači list na glavi i od njega pravi flautu. Zvuk NUZLEAF-ove frule unosi strah i nesigurnost u srca ljudi izgubljenih u šumi. POKeMON koji živi u šumi i vešt je u penjanju na drveće. Dugačak i šiljast nos je njegova slaba tačka. Gubi snagu ako se uhvati za nos.,10,280,119,FALSE,FALSE,generation-iii,70,70,40,60,40,60
"Ova Ultra zver je došla iz Ultra crvotočine. Čini se da ne napada neprijatelje sam, ali njegovo oštro telo je opasno oružje samo po sebi. Jedan od oblika života Ultra zveri, primećen je kako jednim potezom sečiva seče ogromnu čeličnu kulu. Telo ove Ultra zveri, koje je tanko kao papir, je poput naoštrenog mača.",3,1,257,FALSE,FALSE,generation-vii,59,181,131,59,31,109
"Ona skladišti otrov u unutrašnjoj otrovnoj vrećici i taj otrov izlučuje kroz kožu. Ako dodirnete ovog Pokemona, sledi peckanje. On manipuliše hemijskim sastavom svog otrova da bi proizveo električnu energiju. Napon je slab, ali može izazvati paralizu peckanja.",4,110,48,FALSE,FALSE,generation-viii,40,38,35,54,35,40
"Kada pronađe trag svog plena, strpljivo istražuje lokaciju... ali uvek drema do noći. Obožava imati Rattatu i Raticate za večeru, ali pošto je dnevni, nikada ih ne susreće. Ovaj Pokemon se može pohvaliti neverovatnim strpljenjem. Iako prvobitno nije pronađen u Aloli, ovaj Pokemon je donet davno kada je došlo do velike epidemije Rattate.",7,142,146,FALSE,FALSE,generation-vii,88,110,60,55,60,45
"Obično se nalaze u blizini elektrana, mogu da odlutaju i izazovu velike nestanke struje u gradovima. Ako dođe do velikog nestanka struje, sigurno je da je ovaj POKeMON pojeo struju u elektrani. Elektricitet teče po površini njegovog tela. U mraku, njegovo celo telo sija beličasto plavo.",11,300,172,FALSE,FALSE,generation-i,65,83,57,95,85,105
"Živi na dnu dubokog mora. Privlači plen tako što treperi šare na svoja četiri repna peraja. Da bi izbegao otkrivanje predatora, puzi po morskom dnu koristeći dva peraja na grudima. Puzi duž morskog dna koristeći svoja duga prednja peraja poput nogu. Za hranu se takmiči sa LANTURN-om.",12,240,161,FALSE,FALSE,generation-iv,69,69,76,69,86,91
"Svako ko uzme makar i jedan zalogaj BLISSEI-ovog jajeta, svima će biti nepogrešivo pažljiv i prijatan. Ima veoma saosećajnu prirodu. Ako vidi bolesnog POKeMON-a, on će oporaviti oboljelog. Grickanje jednog od ukusnih jaja koje BLISSEI pruža će nasmejati sve oko sebe od radosti.",15,468,608,FALSE,FALSE,generation-ii,255,10,10,75,135,55
Redovno pere lice da bi novčić na čelu bio čist. Ne slaže se sa Galarian Meovthom. Obožava kružne objekte. Svake noći luta ulicama u potrazi za ispuštenim sitnišom. Čini se da je aktivniji noću. Voli okrugle i sjajne stvari. Ne može prestati da ih pokupi.,4,42,58,FALSE,FALSE,generation-i,40,45,35,40,40,90
"Drži bobice u repu — toliko bobica da stalno ispadaju. Ali ovaj Pokemon je malo spor, tako da ne primećuje gubitak. Uobičajen u regionu Galar, ovaj Pokemon ima jake zube i može da žvaće i najtvrđe ljuske bobica.",6,60,161,FALSE,FALSE,generation-viii,120,95,95,55,75,20
"Živi na ivici vode gde je sunčano. Danju spava na krevetu vodene trave, a noću postaje aktivan. LOMBRE je noćni - postaće aktivan nakon sumraka. Takođe je nestašluk. Kada ovaj POKeMON uoči pecaroše, povlači njihove uže za pecanje ispod površine i uživa u njihovoj konsternaciji. LOMBRE-ovo celo telo je prekriveno klizavim, ljigavim filmom. Užasno je neprijatno biti dodirnut ovim POKeMONovim rukama. LOMBRE se često pogrešno smatra ljudskim detetom.",12,325,119,FALSE,FALSE,generation-iii,60,50,50,60,70,50
"Tvrdo telo ŠEDINjE se ne pomera - ni trzaj. U stvari, izgleda da je njegovo telo samo šuplja školjka. Veruje se da će ovaj POKeMON ukrasti duh svakoga ko zaviri u njegovo šuplje telo sa njegovih leđa. SHEDINjA je neobičan POKeMON. Čini se da se čini nepoželjnim u POKe BALL-u nakon što se NINCADA razvija. Ovaj bizarni POKeMON je potpuno nepokretan - čak i ne diše. Neobičan POKeMON koji lebdi u vazduhu iako su mu krila potpuno mirna. Unutrašnjost njegovog tela je šuplja i potpuno tamna.",8,12,83,FALSE,FALSE,generation-iii,1,90,45,30,30,40
"Moguće je da je ovo stvorenje navedeno kao Roaring Moon u ekspedicijskom dnevniku koji još uvek krije mnoge misterije. Prema članku u sumnjivom časopisu, ovaj Pokemon ima neku vezu sa fenomenom koji se javlja u određenom regionu.",20,3800,295,FALSE,FALSE,generation-ix,105,139,71,55,101,119
"Njihova krila su suviše mala da bi im dozvolila da lete. Čuvaju svoje zadnje kosti kostima koje je sakupio Mandibaz. Krila su mu suviše mala da bi mogla da leti. Kako se približava vreme da se razvije, odbacuje kosti koje je nosio. Oni imaju tendenciju da svoje zadnjice čuvaju odgovarajućim kostima koje su pronašli. Oni jure slabe Pokemone.",5,90,74,FALSE,FALSE,generation-v,70,55,75,45,65,60
"Da bi zastrašio napadače, rasteže vatru na repu da bi izgledao veći. Koristi plafone i zidove za pokretanje vazdušnih napada. Njegov vatreni rep je samo jedno oružje. Vešto kontroliše intenzitet vatre na svom repu kako bi svoje neprijatelje držao na idealnoj udaljenosti.",9,220,142,FALSE,FALSE,generation-iv,64,78,52,78,52,81
Kompresija energije iz njegovog unutrašnjeg jezgra omogućava mu da ispali napad koji može da oduva planinu. Sunčeva energija koju apsorbuju narandžasti kristali njegovog tela se iznutra uvećava i ispaljuje iz njegovih usta. Sunčevi zraci koje apsorbuje se obrađuju u njegovom energetskom jezgru i ispaljuju kao svetlosna lopta.,17,2600,232,FALSE,FALSE,generation-v,85,135,130,60,80,25
"Ovaj Pokemon je veoma popularan kao pastirski pas u regionu Galar. Dok trči, proizvodi električnu energiju iz osnove svog repa. Ovaj proždrljivi Pokemon samo pomaže ljudima u njihovom poslu jer želi poslastice. Dok trči, pucketa od struje.",3,135,54,FALSE,FALSE,generation-viii,59,45,50,40,50,26
"Dušu koja nije mogla da pređe u zagrobni život vetar je raznosio sve dok se nije zaplela u osušenu travu i postala Pokemon. Čak ni Bramblin ne zna kuda je krenuo dok se prevrće po divljini, nošen vetrom. Mrzi da se pokvasi.",6,6,55,FALSE,FALSE,generation-ix,40,65,30,45,35,60
"Kada vibriraju izbočine na glavi, mogu napraviti talase u vodi ili vibracije slične zemljotresu na kopnu. Živi u vodi i na kopnu. Koristi svoj dugi, lepljivi jezik da uhvati plen. Živi u vodi i na kopnu. Koristi svoj dugi, lepljivi jezik da imobiliše svoje protivnike.",8,170,134,FALSE,FALSE,generation-v,75,65,55,65,55,69
Kažu da mirno provodi vreme duboko na dnu mora jer su njegove moći prejake. Za njega se kaže da je čuvar mora. Priča se da je viđen u noći oluje. Ima neverovatnu sposobnost da smiri besne oluje. Kažu da se LUGIJA pojavljuje kada počnu oluje.,52,2160,306,TRUE,FALSE,generation-ii,106,90,130,90,154,110
"Ima veoma meko telo. Ako počne da se kotrlja, odskočiće i nemoguće je zaustaviti se. Njegovo izuzetno fleksibilno i elastično telo čini ga da neprekidno odskače u levu - bilo kada, bilo gde. Umesto da hoda svojim kratkim nogama, kreće se poskakujući po svom mekom, nežnom telu.",3,10,42,FALSE,FALSE,generation-ii,90,30,15,40,20,15
"Plen mami tako što pleše i maše kapama za ruke, koje podsećaju na poke loptice, u njihajućem pokretu. Pokazuju svoje Poke Ball kape kako bi namamili plen, ali vrlo mali broj Pokemona je prevaren ovim. Pomera kape na obe ruke i igra ples kako bi namamio plen. Preferira vlažna mesta.",6,105,162,FALSE,FALSE,generation-v,114,85,70,85,80,30
"Može se vratiti na lokaciju svog trenera bez obzira na razdaljinu koja ih deli. Mnogi ljudi veruju da duboko u šumi gde Trankuill živi, postoji mirno mesto gde nema rata. Gde god da ide, zna gde mu je gnezdo, tako da se nikada ne odvaja od svog trenera.",6,150,125,FALSE,FALSE,generation-v,62,77,62,50,42,65
"Ima mnogo skrivenih mogućnosti, kao što su vrhovi prstiju koji mogu da pucaju u vodu i membrana na leđima koju može da koristi da klizi kroz vazduh. Njegove membrane omogućavaju mu da odabere slabe tačke neprijatelja tako da može precizno da ih raznese vodom koja puca sa vrhova njegovih prstiju brzinom od 3 maha.",19,452,265,FALSE,FALSE,generation-viii,70,85,65,125,65,120
"PELIPPER je leteći transporter koji nosi male POKeMON i jaja u svom ogromnom kljunu. Ovaj POKeMON gradi svoje gnezdo na strmim liticama okrenutim ka moru. PELIPPER traži hranu dok je u letu tako što prelistava vrhove talasa. Ovaj POKeMON uranja svoj veliki kljun u more da pokupi hranu, a zatim sve proguta u jednom velikom gutljaju. Prelazi vrhove talasa dok leti. Kada uoči plen, koristi svoj veliki kljun da zahvati žrtvu vodom. U kljunu štiti svoja jaja.",12,280,154,FALSE,FALSE,generation-iii,60,50,100,95,70,65
"MASKUERAIN zastrašuje neprijatelje šarama nalik na oči na svojim antenama. Ovaj POKeMON maše svoja četiri krila da slobodno leti u bilo kom pravcu - čak i bočno i unazad - kao da je helikopter. MASKUERAIN-ove antene imaju šare poput očiju koje mu obično daju ljutit izgled. Ako su „oči“ spuštene i izgledaju tužno, kaže se da je to znak da je obilna kiša na putu. Zastrašuje neprijatelje velikim šarama nalik na oči na svojim antenama. Pošto ne može da leti ako mu se pokvase krila, skloni se od kiše ispod velikog drveća i streha.",8,36,159,FALSE,FALSE,generation-iii,70,60,62,100,82,80
"SABLEJI vode mirne živote duboko u pećinama. Međutim, strahuju od njih, jer se smatra da ovi POKeMON kradu duhove ljudi kada im oči gore zlokobnim sjajem u tami. SABLEJ kopa zemlju naoštrenim kandžama da pronađe kamenje koje jede. Supstance u pojedenim stenama kristališu i uzdižu se do površine tela POKeMON-a. Kopa rupe za grane u pećinama koristeći svoje oštre kandže u potrazi za hranom - sirovim draguljima. SABOL vreba u mraku i retko se viđa.",5,110,133,FALSE,FALSE,generation-iii,50,75,75,65,65,50
"Često se nalazi u šumama, jedu lišće. Na glavi ima oštar otrovni ubod. Čuvajte se oštrog uboda na njegovoj glavi. Krije se u travi i žbunju gde jede lišće. Njegov otrovni ubod je veoma moćan. Njegovo telo jarkih boja ima za cilj da upozori svoje neprijatelje.",3,32,39,FALSE,FALSE,generation-i,40,35,30,20,20,50
Prijateljski Pokemon koji hvata suptilne tokove morske vode koristeći svoje dve antene. Naučnici su otkrili da se karakteristični uzorci na leđima razlikuju po regionima. Ljudi organizuju obilaske da vide ovog Pokemona kako se zabavlja i prelazi vrhove talasa uz REMORAID.,10,650,69,FALSE,FALSE,generation-iv,45,20,50,60,120,50
"Činčou žmirkaju blistavim antenama jedna na drugu da bi preuzeli svoj teren. Ona ispaljuje pozitivnu i negativnu struju između vrhova svoje dve antene i uništava svoje neprijatelje. Na tamnom okeanskom dnu, njegovo jedino sredstvo komunikacije su svetla koja stalno trepere.",5,120,66,FALSE,FALSE,generation-ii,75,38,38,56,56,67
"Novorođenče retko izlazi iz zaštitne torbe svoje majke sve dok ne napuni 3 godine. Odgaja svoje mlade u trbušnoj kesi. Neće bežati ni od kakve borbe da bi zaštitio svoje mlade. Ako je bezbedno, mladi izlaze iz trbušne kese da se igraju. Odrasla osoba pažljivo prati dete.",22,800,172,FALSE,FALSE,generation-i,105,95,80,40,80,90
Oslanja se na svoju čvrstu školjku da odbije napade predatora. Kontranapada svojim oštrim perima. Oni jačaju donji deo tela naletanjem jedno na drugo. Veoma su ljubazni i neće započeti svađu.,7,290,142,FALSE,FALSE,generation-vi,61,78,95,56,58,57
"Zvezdano nebo udaljeno hiljadama svetlosnih godina vidljivo je u prostoru iskrivljeno njihovom intenzivnom psihičkom moći. Oni mogu predvideti budućnost na osnovu položaja i kretanja zvezda. Oni mogu da vide životni vek trenera. Može da vidi budućnost iz kretanja zvezda. Kada sazna životni vek svog trenera, plače od tuge.",15,440,221,FALSE,FALSE,generation-v,70,55,95,95,110,65
"POKeMON koji je vaskrsao iz fosila pronađenog na onome što je nekada bilo dno okeana pre eona. POKeMON koji je pronađen iz fosila. Koristi oči na leđima dok se skriva na morskom dnu. U retkim prilikama, neki su pronađeni kao fosili koji su postali dok su se skrivali na dnu okeana.",5,115,71,FALSE,FALSE,generation-i,30,80,90,55,45,55
"It crawls onto the land in search of food. Njegov vodeni mehur omogućava mu da diše i štiti njegovu meku glavu. Kada naiđe na neprijatelje ili potencijalni plen, ovaj Pokemon razbija svoju glavu prekrivenu vodenim mehurićima u njih. Kada se dva Devpidera sretnu, oni pokazuju svoje vodene mehuriće jedan drugom. Tada onaj sa manjim mehurićem sklanja se drugom s puta.",3,40,54,FALSE,FALSE,generation-vii,38,40,52,40,72,27
Slatka aroma nežno dopire iz lista na glavi. Poslušan je i voli da upija sunčeve zrake. Njegovi prijatno aromatični listovi imaju sposobnost da provere vlažnost i temperaturu. Voli da se kupa na suncu. Koristi list na glavi da traži topla mesta.,9,64,64,FALSE,FALSE,generation-ii,45,49,65,49,65,45
"Iz nosa emituje zvučne talase različitih frekvencija, uključujući i neke dovoljno moćne da unište stene. Svako ko dođe u kontakt sa ultrazvučnim talasima koje emituje mužjak koji se udvara, doživljava pozitivnu promenu raspoloženja. Snažno trese repom kada emituje ultrazvučne talase dovoljno jake da beton pretvore u ruševine.",9,105,149,FALSE,FALSE,generation-v,67,57,55,77,55,114
"Ovaj bezbrižni POKeMON ima opuštenu prirodu. Dok pliva, uvek naleti na trup čamaca. Zbog svog opuštenog i bezbrižnog stava, često se udara glavom o kamene gromade i trupove čamaca dok pliva. Telo mu je uvek ljigavo. Često udara glavom o dno reke dok pliva, ali izgleda da ga nije briga.",14,750,151,FALSE,FALSE,generation-ii,95,85,85,65,65,35
"Mistični POKeMON koji odiše nežnom aurom. Ima sposobnost da menja klimatske uslove. Prema rečima svedoka, njegovo telo je bilo okruženo čudnom aurom koja mu je davala mističan izgled. Kažu da ako emituje auru iz celog tela, vreme će odmah početi da se menja.",40,165,147,FALSE,FALSE,generation-i,61,84,65,70,70,70
"Pokemon koji je lutao nebom u eri dinosaurusa. Zubi su mu kao listovi testere. Svirepi, praistorijski POKeMON koji napada grlo neprijatelja svojim nazubljenim očnjacima nalik na testere. Divlji POKeMON koji je izumro u davna vremena. Vaskrsao je pomoću DNK uzete iz ćilibara.",18,590,180,FALSE,FALSE,generation-i,80,105,65,60,75,130
"Koristi različite vrste vapaja za komunikaciju sa drugima svoje vrste i za progon svog plena. Da bi ugrijali plen, oni međusobno proveravaju lokaciju koristeći lajanje koje samo oni mogu da razumeju. Oko zore, njegov zloslutni urlik odjekuje područjem da objavi da je ovo njegova teritorija.",6,108,66,FALSE,FALSE,generation-ii,45,60,30,80,50,65
Veze između ovih Pokemona su veoma jake. Štiti sigurnost svog čopora prevarivši svoje protivnike. Svaki od njih ima sposobnost da prevari veliku grupu ljudi istovremeno. Svoju jazbinu štite iluzornim pejzažima. Priče kažu da su oni koji su pokušali da uhvate Zoroarka bili zarobljeni u iluziji i kažnjeni.,16,811,179,FALSE,FALSE,generation-v,60,105,60,120,60,105
"Poznato kao „Biće znanja“. Kažu da može da izbriše sećanje onima koji vide njene oči. Kaže se da je njegovo pojavljivanje dalo ljudima inteligenciju da poboljšaju kvalitet svog života. Kada je UKSIE leteo, ljudi su stekli sposobnost da rešavaju probleme. Bilo je to rođenje znanja.",3,3,261,TRUE,FALSE,generation-iv,75,75,130,75,130,95
"Vulkani izbijaju kada laje. Nesposoban da obuzda svoju ekstremnu moć, juri glavom oko zemlje. POKeMON koji juri zemljom. Kažu da se čovek rađa svaki put kada se pojavi novi vulkan. Ovaj čvrsti POKeMON kruži zemljom, izbijajući plamen žešći od magme vulkana.",21,1980,261,TRUE,FALSE,generation-ii,115,115,85,90,75,100
"Trepćućim udarom svojih džinovskih oštrih kandži cepa morsku vodu — ili čak vazduh — na dva dela. Vešto se bori sa svojih šest ruku, ali većinu vremena provodi mirno meditirajući u pećinama duboko ispod mora. Školjka koja pokriva njegovo telo je tvrda kao dijamant. Ovaj Pokemon će učiniti sve što je potrebno da pobedi.",20,1080,186,FALSE,FALSE,generation-vii,75,125,140,60,90,40
"GOREBISS živi u južnim morima na ekstremnim dubinama. Njegovo telo je izgrađeno da izdrži ogroman pritisak vode na neverovatnim dubinama. Zbog toga je telo ovog POKeMON-a nepovređeno običnim napadima. Iako je GOREBISS sama slika elegancije i lepote tokom plivanja, on je i surov. Kada uoči plen, ovaj POKeMON ubacuje svoja tanka usta u telo plena i ispušta iz plena njegove telesne tečnosti. GOREBISS sifonira telesne tečnosti plena kroz svoja tanka, cevasta usta. Njegova svetloružičasta boja tela postaje živa kada završi hranjenje.",18,226,170,FALSE,FALSE,generation-iii,55,84,105,114,75,52
"Odmahuje glavom unazad, uzrokujući da se njegove antene udaraju jedna o drugu i zvuče kao ksilofon. Razgovara sa drugima koristeći zvukove svojih antena koje se sudaraju. Ovi zvuci su obeležja jeseni. Njegove noge su kratke. Kad god se spotakne, njegove ukočene antene škljocaju sa zvukom nalik ksilofonu.",3,22,39,FALSE,FALSE,generation-iv,37,25,41,25,41,25
"Može da zaustavi pokrete svojih protivnika samo bleštanjem. On uzima sunčevu energiju i pojačava je iznutra. Oni podižu glave da zastraše protivnike, ali daju sve od sebe samo kada se bore protiv moćnog protivnika. Daje sve od sebe samo protiv jakih protivnika koje ne uznemirava sjaj Serperiorovih plemenitih očiju.",33,630,238,FALSE,FALSE,generation-v,75,75,95,75,95,113
"Ako POLIVAG i POLIVHIRL čuju njegov krik koji odjekuje, oni odgovaraju okupljanjem iz daljine. Kad god se tri ili više njih okupe, pevaju glasnim glasom koji zvuči kao urlanje. Kada raširi grlo da bi iskričao melodiju, obližnji POLIVAG i POLIVHIRL se odmah okupljaju.",11,339,225,FALSE,FALSE,generation-ii,90,75,75,90,100,70
"Uz pomoć mekih jastučića na nogama, nečujno upada u prodavnice hrane drugih Pokemona. Ona preživljava od svojih nezakonito stečenih dobitaka. Lukav i oprezan, ovaj Pokemon preživljava kradući hranu od drugih. Briše svoje tragove potezima repa dok beži sa svojom pljačkom.",6,89,49,FALSE,FALSE,generation-viii,40,28,28,47,52,50
"Celo telo je obavijeno širokim lozama koje su slične morskoj travi. Njegove loze se tresu dok hoda. Njegov identitet je zamagljen masama guste, plave loze. Kažu da vinova loza nikada ne prestaje da raste. Loze koje pokrivaju celo njegovo telo uvek se tresu. Oni efikasno nerviraju njegove neprijatelje.",10,350,87,FALSE,FALSE,generation-i,65,55,115,100,40,60
"Što Thvackei brže može da pobedi ritam sa svoja dva štapa, to više poštovanja osvaja od svojih vršnjaka. Kada bubnja brze udarce u borbi, toliko se uhvati u ritam da neće ni primetiti da je već nokautirao svog protivnika.",7,140,147,FALSE,FALSE,generation-viii,70,85,70,55,60,80
"Njegov ugriz ubrizgava moćan otrov, dovoljan da parališe velike ptičje pokemone koji pokušavaju da ga ulove. Otkriva šta se dešava oko njega koristeći pipače na glavi i repu. To je brutalno agresivno. Koristeći pipače na glavi i repu, ona hvata vibracije u vazduhu da bi odredila lokaciju i stanje svog plena.",4,53,52,FALSE,FALSE,generation-v,30,45,59,30,39,57
Njegova kopita su 10 puta tvrđa od dijamanata. Može da zgazi bilo šta potpuno ravno za kratko vreme. Sposoban da skače neverovatno visoko. Njegova kopita i čvrste noge apsorbuju udarce teškog sletanja. To je slab trkač odmah nakon rođenja. Postepeno postaje brži jureći za svojim roditeljima.,10,300,82,FALSE,FALSE,generation-i,50,85,55,65,65,90
"Kažu da stoji mirno i tiho jer istovremeno vidi i prošlost i budućnost. U Južnoj Americi se kaže da njeno desno oko vidi budućnost, a levo oko prošlost. Kada počne da meditira na izlasku sunca, proći će ceo dan pre nego što će se ponovo pokrenuti.",15,150,165,FALSE,FALSE,generation-ii,65,75,70,95,70,95
"Ima opaki temperament, suprotno onome što njegov izgled može sugerisati. Svojim dugačkim telima obavija plen, a zatim uvlači plen u svoju jazbinu. Različiti riblji pokemoni, Vugtrio se nekada smatrao regionalnim oblikom Dugtria.",12,54,149,FALSE,FALSE,generation-ix,35,100,50,50,70,120
"Iz kljuna izbacuje žar koji zapali visoku travu. Zatim se baci na zbunjeni plen koji iskoči iz trave. Što je plamena vreća na njenom stomaku toplija, to brže može da leti, ali je potrebno neko vreme da se vatra raspali. Iz kljuna ispaljuje žeravicu na svoj plen. Kada ih uhvati, peče ih na visokoj vatri pre nego što ih pojede.",7,160,134,FALSE,FALSE,generation-vi,62,73,55,56,52,84
"Ova Ultra Zver se pojavila iz drugog sveta. Pokazuje svoje telo, ali ostaje nejasno da li je taj prikaz hvalisanje ili pretnja. Misteriozni oblik života nazvan Ultra zver. Svedoci su videli da je jednim udarcem udario u prah kiper. Iako je stran ovom svetu i predstavlja opasnost ovde, to je očigledno uobičajen organizam u svetu gde inače živi.",24,3336,257,FALSE,FALSE,generation-vii,107,139,139,53,53,79
"Emituje krike tako što agitira kuglu u zadnjem delu svog grla. Kreće se uz flouning hmelja. Svaki put kada skoči, proizvodi zvuk zvona. Zaglušuje neprijatelje emitujući visokofrekventne krike. U ustima mu je kugla. Kada skoči, kugla se poskakuje i proizvodi zvonjavu.",2,6,57,FALSE,FALSE,generation-iv,45,30,50,65,50,45
"Veoma je inteligentan i smiren. Izloženost puno sunčeve svetlosti čini njegove pokrete bržima. Oni fotosintezuju kupajući svoje repove sunčevom svetlošću. Kada se ne osećaju dobro, repovi im klonu. Izlaganje sunčevoj svetlosti čini njegove pokrete bržima. Koristi vinovu lozu veštije od svojih ruku.",6,81,62,FALSE,FALSE,generation-v,45,45,55,45,55,63
"Kada koristi svoj specijalni štap da pokrene ritam, proizvedeni zvučni talasi prenose revitalizirajuću energiju na biljke i cveće u okolini. Napada brzim udarcima štapa. Kako udara neverovatnom brzinom, postaje sve više i više pumpan.",3,50,62,FALSE,FALSE,generation-viii,50,65,50,40,40,65
"Tečnost koja curi iz njegovih usta nije balva. To je nektar koji se koristi za privlačenje plena. Neverovatno smrdi! Međutim, oko 1 od 1.000 ljudi uživa da njuši njegov smrad koji savija nos. Ono što izgleda kao balav je zapravo slatki med. Veoma je lepljiv i tvrdoglavo se drži ako se dodirne.",8,86,138,FALSE,FALSE,generation-i,60,65,70,85,75,40
Ovaj Pokemon suvi leči svoj plen prskanjem soli preko njih. Proces lečenja krade vodu u telu plena. On sabija kamenu so unutar svog tela i izbacuje očvrsle kuglice soli dovoljnom snagom da probuši gvozdeni lim.,6,1050,124,FALSE,FALSE,generation-ix,60,60,100,35,65,35
"Njegove oči su posebno prilagođene. Oni koncentrišu čak i slabo svetlo i omogućavaju mu da vidi u mraku. Kada treba da razmišlja, okreće glavu za 180 stepeni da bi izoštrila svoju intelektualnu moć. Njegovo izuzetno mekano perje ne proizvodi nikakav zvuk u letu. Nečujno se prikrada plenu a da ga ne otkriju.",16,408,158,FALSE,FALSE,generation-ii,100,50,50,86,96,70
"Listovi na glavi su se razvili da štite njegovo telo. Oni su prilično teški, pa čak i ako ih kljucaju ptičiji Pokemon, ovaj Pokemon je sasvim u redu. Ovaj Pokemon uvek energično poskakuje. Ostale Pokemone privlači živahan izgled i prijatna aroma. Zaštićen je svojim tvrdim čašicama, tako da se bez brige igra sa ptičjim Pokemonima. Nemilosrdno ga kljucaju, ali to nije briga.",7,82,102,FALSE,FALSE,generation-vii,52,40,48,40,48,62
"Majstor učtivosti i mačevanja, bori se koristeći ispružene mačeve na laktovima. Kada pokušava da zaštiti nekoga, ispruži laktove kao da su mačevi i žestoko se bori. Pošto može da oseti šta njegov neprijatelj misli, njegovi napadi izbijaju prvi, brzi i žestoki.",16,520,233,FALSE,FALSE,generation-iv,68,125,65,65,115,80
"Pucaju paralizirajuću tečnost iz izbočina na glavi. Oni koriste vibracije da bi povredili svoje protivnike. Povećava snagu svojih udaraca vibrirajući udarce na pesnicama. Može pretvoriti kamen u ruševinu jednim udarcem. Stavljajući snagu u svoje izbočine, stvara vibracije i povećava snagu svojih udaraca.",15,620,229,FALSE,FALSE,generation-v,105,95,75,85,75,74
"Koristeći šiljke na zadnjem kraju, VURMPLE ljušti koru sa drveća i hrani se sokom koji curi. Stopala ovog POKeMON-a imaju usisne jastučiće koji mu omogućavaju da se drži stakla bez klizanja. VURMPLE je na meti SVELLOV-a kao plen. Ovaj POKeMON će pokušati da se odupre tako što će uperiti šiljke na zadnjoj strani u napadačkog predatora. To će oslabiti neprijatelja ispuštanjem otrova iz šiljaka. Lepi se za grane drveća i jede lišće. Konac koji izbacuje iz svojih usta, koji postaje gnjecav kada dodirne vazduh, usporava kretanje njegovih neprijatelja.",3,36,56,FALSE,FALSE,generation-iii,45,45,35,20,30,20
"Sa agilnošću i brzinom poput nindži, može stvoriti iluziju da postoji više od jednog. Iskače iz visoke trave i reže plen svojim kosama. Pokret izgleda kao nindža. Svojim oštrim kosama seče kroz travu, krećući se prebrzo da bi ih ljudsko oko moglo pratiti.",15,560,100,FALSE,FALSE,generation-i,70,110,80,55,80,105
"Njihove ogromne kandže lansiraju topovske kugle vode dovoljno moćne da probiju trupove tankera. Isterujući vodu iz mlaznice u zadnjem delu svoje kandže, može se kretati brzinom od 60 čvorova. Komprimuje vodu koju je usisao, a zatim je projektuje sa dovoljno snage da probije rupu kroz debelu ploču od gvožđa.",13,353,100,FALSE,FALSE,generation-vi,71,73,88,120,89,59
Spašava ljude zaglavljene zbog mećava u planinama. Njegovo čupavo krzno štiti ga od hladnoće. Ovaj izuzetno mudar Pokemon se ističe u spašavanju ljudi koji su nasukani na moru ili u planinama. Biti umotan u njegovo dugo krzno je toliko udobno da bi čovek bio dobro čak i preko noći na zimskoj planini.,12,610,225,FALSE,FALSE,generation-v,85,110,90,45,90,80
"U borbi, BLAZIKEN izbacuje intenzivan plamen iz svojih zglobova i hrabro napada neprijatelje. Što je neprijatelj jači, to intenzivnije gore ovaj POKeMON zglob. BLAZIKEN ima neverovatno jake noge - može lako da očisti zgradu od 30 spratova u jednom skoku. Žarkovi udarci ovog POKeMON-a ostavljaju njegove neprijatelje spaljenim i pocrnjenim. Uči borilačke veštine koje koriste udarce šakama i nogama. Svakih nekoliko godina njegovo staro perje izgore, a na njihovo mesto izraste novo, gipko perje.",19,520,239,FALSE,FALSE,generation-iii,80,120,70,110,70,80
"Pošto imaju dva podeljena mozga, ponekad iznenada pokušavaju da preduzmu dve različite akcije odjednom. Kada njihov mozak, sada podeljen na dva dela, razmišlja o istim mislima, ovi Pokemoni pokazuju svoju maksimalnu moć. Kada njihova dva podeljena mozga misle iste misli, njihova psihička moć je maksimizirana.",6,80,130,FALSE,FALSE,generation-v,65,40,50,125,60,30
"Svetlost koju emituje je toliko sjajna da može da osvetli površinu mora sa dubine od preko tri milje. Zaslepljuje plen intenzivnim naletom svetlosti, a zatim proguta imobilisani plen u jednom gutljaju. Ovaj POKeMON koristi svetli deo svog tela, koji se promenio od leđne peraje, da namami plen.",12,225,161,FALSE,FALSE,generation-ii,125,58,58,76,76,67
"Migriraju prema godišnjim dobima. Ljudi mogu odrediti godišnje doba gledajući Savsbuckove rogove. Biljke koje rastu na njegovim rogovima menjaju se u zavisnosti od sezone. Vođe stada poseduju veličanstvene rogove. Migriraju prema godišnjim dobima, pa neki ljudi Savsbuck nazivaju vjesnicima proleća.",19,925,166,FALSE,FALSE,generation-v,80,100,70,60,70,95
"Poznat po svojoj ekstremnoj inteligenciji, ovaj Pokemon će gledati sa visine na neiskusne trenere, tako da je najpogodniji za trenere veterane. Duboko u džungli, visoko u visokim krošnjama, ovaj Pokemon boravi. U retkim prilikama, pojavljuje se na plaži da bi se upario sa Slovkingom. Obično provodi vreme meditirajući u krošnjama drveća. Baca poke loptice i naređuje drugim Pokemonima kako želi.",15,760,172,FALSE,FALSE,generation-vii,90,60,80,90,110,60
Koristi posebnu vrstu borilačkih veština koje uključuju sve svoje udove. Njegova vatra se nikada ne gasi. Njegova vatrena kruna ukazuje na njegovu vatrenu prirodu. Po brzini je niko ne pobedi. Koristi jedinstvene borbene pokrete sa vatrom na rukama i nogama. Boriće se sa bilo kojim protivnikom.,12,550,240,FALSE,FALSE,generation-iv,76,104,71,104,71,108
"Ovaj drevni Pokemon je obnovljen iz dela tela koji je bio zamrznut u ledu više od 100 miliona godina. Ovaj mirni Pokemon je živeo u hladnoj zemlji gde nije bilo nasilnih predatora kao što je Tirantrum. U drevnim vremenima živeo je u hladnim predelima. Kaže se da kada Amaura cvili, aurore se pojavljuju na noćnom nebu.",13,252,72,FALSE,FALSE,generation-vi,77,59,50,67,63,46
"Napadaju u grupama, pokrivajući se čeličnim oklopom da bi se zaštitili od Heatmora. Durant kopa gnezda u planinama. Oni grade svoje komplikovane, međusobno povezane tunele u lavirinte. Svaki pojedinac igra različite uloge u odvođenju Heatmora, njihovog prirodnog predatora, daleko od svoje kolonije.",3,330,169,FALSE,FALSE,generation-v,58,109,112,48,48,109
Kada plače prekrsti svoje nožaste ruke ispred grudi. Može da komponuje melodije ad lib. Svojim melodijama signalizira svoje emocije. Naučnici proučavaju ove melodijske obrasce. Postoji selo koje je domaćin takmičenja zasnovano na neverovatno promenljivim kricima ovog Pokemona.,10,255,134,FALSE,FALSE,generation-iv,77,85,51,55,51,65
"Njegovo uho je šestougaonog oblika. Sabijeno pod zemljom, njegovo telo je tvrdo kao čelik. Oni su otkriveni pre sto godina u zemljotresnoj pukotini. Unutar svakog od njih je energetsko jezgro. Rupa u obliku šestougla je njegovo uho. Ima tendenciju da hoda u pravcu iz kojeg dolazi zvuk.",4,180,56,FALSE,FALSE,generation-v,55,75,85,25,25,15
"Hrani se zemljom. Nakon što pojede veliku planinu, zaspaće kako bi mogao da raste. Rađa se duboko pod zemljom. Ne može izroniti dok u potpunosti ne potroši tlo oko sebe. Rođen duboko pod zemljom, ovaj POKeMON postaje lutka nakon što pojede dovoljno zemlje da napravi planinu.",6,720,60,FALSE,FALSE,generation-ii,50,64,50,45,50,41
"Frigibaks apsorbuje toplotu kroz svoje leđno peraje i pretvara toplotu u energiju leda. Što je temperatura viša, Frigibak skladišti više energije. Ovaj Pokemon živi u šumama i stenovitim predelima. Koristeći snagu svog leđnog peraja, hladi unutrašnjost svog gnezda kao frižider.",5,170,64,FALSE,FALSE,generation-ix,65,75,45,35,45,55
"Njegovo repno peraje se vijuga poput elegantne plesne haljine, dajući joj nadimak Vodena kraljica. Kada dođe vreme da polažu jaja, mogu se videti kako plivaju rekama i vodopadima u velikim grupama. Njegova leđna, prsna i repna peraja elegantno talasaju u vodi. Zbog toga je poznat kao vodeni plesač.",6,150,64,FALSE,FALSE,generation-i,45,67,60,35,50,63
"Kada je napadnut, ispaljuje svoje rogove brzim salvom. Njegova unutrašnjost nikada nije viđena. Za zaštitu koristi svoju ljusku tvrđu od dijamanata. Takođe puca šiljke iz školjke. Jednom kada zalupi svoju školjku, nemoguće je otvoriti, čak ni od onih koji imaju super ili snagu.",15,1325,184,FALSE,FALSE,generation-i,50,95,180,85,45,70
"U groznici uzbudljive bitke, obasipa žar iz procepa između perja i diže se u vazduh. Kada napada plen, može dostići brzinu do 310 mph. Svoj plen završava kolosalnim udarcem. Njegova omiljena hrana su Vingull i Pikipek. Napada snažnim udarcem i čvrsto ih hvata u svoje kandže.",12,245,175,FALSE,FALSE,generation-vi,78,81,71,74,69,126
"Ovaj Pokemon koristi reflektujuće krzno koje oblaže svoj ogrtač da kamuflira stabljiku svog cveta, stvarajući iluziju da cvet lebdi. Veštim pogrešnim usmeravanjem, on namešta neprijatelje cvetnim bombama punim polena. Meovscarada pokreće bombe pre nego što njeni neprijatelji shvate šta se dešava.",15,312,265,FALSE,FALSE,generation-ix,76,110,70,81,70,123
"DELCATTI više voli da živi nesputanu egzistenciju u kojoj može da radi šta hoće sopstvenim tempom. Pošto ovaj POKeMON jede i spava kad god odluči, njegove dnevne rutine su potpuno nasumične. DELCATTI spava gde god želi, a da ne drži stalno gnezdo. Ako mu drugi POKeMON priđu dok spava, ovaj POKeMON se nikada neće boriti - samo će se udaljiti negde drugde. Umesto da zadrži stalnu jazbinu, ona obično traži udobna mesta i tamo spava. To je noćno i postaje aktivno u sumrak.",11,326,140,FALSE,FALSE,generation-iii,70,65,65,55,55,90
"U sebi generiše moćnu energiju koja se smrzava, ali njegovo telo je postalo zamrznuto kada je energija iscurila. Može proizvesti ultrahladni vazduh. Telo mu je zaleđeno. Ovaj legendarni ledeni Pokemon čeka heroja da ispuni nedostajuće delove svog tela istinom ili idealima.",30,3250,297,TRUE,FALSE,generation-v,125,130,90,130,90,95
"Često se krije u vodi kako bi uhodio neoprezni plen. Za brzo plivanje, pomera uši da bi održala ravnotežu. Kada se kucne, ovaj POKeMON će povući glavu, ali će mu rep i dalje malo viriti. Prepoznat je kao simbol dugovečnosti. Ako se na njegovoj ljusci nalaze alge, taj VARTORTLE je veoma star.",10,225,142,FALSE,FALSE,generation-i,59,63,80,65,80,58
"Tokom dana, CACTURNE ostaje nepomičan tako da ne gubi nikakvu vlagu na surovom pustinjskom suncu. Ovaj POKeMON postaje aktivan noću kada temperatura padne. Ako putnik ide kroz pustinju u gustu noći, CACTURNE će ga pratiti u grupi od dronjaka. POKEMONI čekaju svoje vreme, čekajući da se putnik umori i postane nesposoban da se kreće. Nakon što je proveo hiljade godina u surovim pustinjama, njegova krv se transformisala u iste supstance kao pesak. Vodi noćni život, pa lovi noću.",13,774,166,FALSE,FALSE,generation-iii,70,115,60,115,60,55
"Bori se tako što se okreće oko svoja tri šiljasta pipa. Udarac ovih čeličnih šiljaka može pretvoriti kamen u ruševinu. Pričvršćuju se za tavanice pećina, ispaljuju čelične šiljke na mete koje prolaze ispod njih. Zamahujući oko svoja tri šiljasta pipača i gađajući šiljke, može da uništi protivnika.",10,1100,171,FALSE,FALSE,generation-v,74,94,131,54,116,20
"Umota polen u pufove. Pravi mnogo različitih sorti, neke se koriste kao hrana, a druge se koriste u borbi. Neki od Ribombeeovih polena su veoma hranljivi. Ponekad se prodaju kao dodaci. Kiša čini polen vlažnim, pa Ribombee mrzi kišu. Kada ugleda zlokobne oblake, pronalazi udubljenje u drvetu, gde mirno čeka.",2,5,162,FALSE,FALSE,generation-vii,60,55,60,95,70,124
"ZIGZAGOON nemirno luta svuda u svako doba. Ovaj POKeMON to radi jer je veoma radoznao. Postaje zainteresovano za sve što se desi da vidi. Kosa na ZIGZAGOON-ovim leđima je čekinjasta. Trlja tvrdu stražnju kosu o drveće kako bi ostavila svoje teritorijalne oznake. Ovaj POKeMON se može igrati mrtav da prevari neprijatelje u borbi. Trljajući nos o zemlju, uvek luta tamo-amo u potrazi za nečim. Odlikuje se cik-cak otiscima koje ostavlja.",4,175,56,FALSE,FALSE,generation-iii,38,30,41,30,41,60
"Njegovo telo ne može biti povređeno nikakvim napadom, pa je veoma željno da pravi izazove protiv neprijatelja. Izuzetno jak, može da promeni pejzaž. Ima drsku prirodu zbog koje ne mari za druge. U samo jednoj od svojih moćnih ruku, ima moć da zatrese tlo i da se planine ruše.",20,2020,270,FALSE,FALSE,generation-ii,100,134,110,95,100,61
"Da bi se zaklonio od hladnih, zimskih vetrova, pokriva se ogrtačem od grančica i lišća. Ako mu se ogrtač slomi u borbi, brzo ga prepravlja od materijala u blizini. Čak i ako se rodi tamo gde nema materijala za čahure, nekako uvek završi sa ogrtačem.",2,34,45,FALSE,FALSE,generation-iv,40,29,45,29,45,36
"Da bi jeo, vešto ljuska orahe sa svoja dva repa. Sada retko koristi svoje oružje. Oni rade u velikim kolonijama i prave prstenove spajajući repove, očigledno u prijateljstvu. Podeljeni na dva dela, repovi su toliko vešti u rukovanju i obavljanju stvari, da AMBIPOM retko koristi svoje ruke.",12,203,169,FALSE,FALSE,generation-iv,75,100,66,60,66,115
"Ovaj Pokemon se pojavljuje u legendama. Šalje plamen u vazduh iz svog repa, sagorevajući sve oko sebe. Kada Reshiramov rep bukne, toplotna energija pokreće atmosferu i menja vreme u svetu. Ovaj legendarni Pokemon može da zapali svet vatrom. Pomaže onima koji žele da izgrade svet istine.",32,3300,306,TRUE,FALSE,generation-v,100,120,100,150,120,90
"Svojim rastezljivim jezikom obavija stvari. Ako mu se previše približite, ostaćete natopljeni balavi. Dugačak jezik je uvek mokar od slinavosti. Pljuvačka sadrži rastvarač koji izaziva utrnulost. Njegova pljuvačka može da razgradi bilo šta. Svojim dugim jezikom obavija stvari da ih obloži svojom lepljivom pljuvačkom.",17,1400,180,FALSE,FALSE,generation-iv,110,85,95,80,95,50
"Leavanni ga obuče u odeću koju su za nju napravili kada se izlegla. Sakriva glavu u kapuljaču dok spava. Ovaj Pokemon pravi odeću za sebe. Žvaće listove i šije ih lepljivim koncem izvučenim iz njegovih usta. Pošto ovaj Pokemon pravi sopstvenu odeću od lišća, on je popularna maskota za modne dizajnere.",3,25,62,FALSE,FALSE,generation-v,45,53,70,40,60,42
Vješt plivač i u kraulu i prsima. Lako prestiže najbolje ljudske plivače. Snažno pliva koristeći sve mišiće u svom telu. Može čak i da pretekne šampione plivača. Ovaj snažan i vešt plivač je sposoban čak i da pređe Tihi okean samo udaranjem nogom.,13,540,230,FALSE,FALSE,generation-i,90,95,95,70,90,70
Legende tvrde da ovaj POKeMON neprekidno leti svetskim nebom na svojim veličanstvenim krilima u sedam boja. Legenda kaže da njegovo telo sija u sedam boja. Kaže se da se iza njega formira duga kada leti. Otkriće se pred trenerom čistog srca sijajući svoja krila u boji kišnog luka.,38,1990,306,TRUE,FALSE,generation-ii,106,130,90,110,154,90
"ALTARIA pleše i kruži nebom među oblacima nalik na pamuk. Pevajući melodije svojim kristalno čistim glasom, ovaj POKeMON čini svoje slušaoce sanjivim čuđenjem. ALTARIA peva u raskošnom sopranu. Krila su mu kao pamučni oblaci. Ovaj POKeMON svojim plutajućim krilima hvata uzlazno strujanje i uzdiže se tamo u divlje plavetnilo. Zvuči prelepim sopranskim glasom. Leti među belim oblacima na plavom nebu. Iz svojih usta izbacuje jako vruće vatrene lopte.",11,206,172,FALSE,FALSE,generation-iii,75,70,90,70,105,80
"Jame za sisanje korena drveća. Pečurke na leđima rastu tako što crpe hranljive materije iz domaćina bube. Ukopava se ispod zemlje da grizu korenje drveća. Pečurke na leđima apsorbuju većinu hranljivih materija. Poliva se sporama pečuraka kada se rodi. Kako njegovo telo raste, pečurke niču iz njegovih leđa.",3,54,57,FALSE,FALSE,generation-i,35,70,55,45,55,25
"CARVANHA-ine snažno razvijene čeljusti i njeni oštro zašiljeni očnjaci imaju razornu moć da iščupaju trupove čamaca. Ovaj POKeMON je napao i potopio mnoge čamce. Ako bilo šta upadne na teritoriju CARVANHA, ono će se rojiti i pocepati uljeza svojim šiljatim očnjacima. Međutim, sam po sebi, ovaj POKeMON odjednom postaje plašljiv. CARVANHA napada brodove u rojevima, čineći ih da tonu. Iako se kaže da je veoma opaki POKEMON, stidljivo beži čim se nađe sam.",8,208,61,FALSE,FALSE,generation-iii,45,90,20,65,20,65
"Jedan zamah mača ugrađenog u njegov oklop može pasti protivnika. Jednostavan odsjaj jednog od njih umiruje sve. Deo oklopa na njegovim prednjim nogama postaje džinovski mač. Sam njen krik dovoljan je da zastraši većinu neprijatelja. Za vreme koje je potrebno neprijatelju da trepne, može da izvuče i obloži semitare pričvršćene za njegove prednje noge.",15,946,238,FALSE,FALSE,generation-v,95,100,85,108,70,70
"Samo Bišarp koji stoji iznad svih ostalih u svojoj ogromnoj vojsci može evoluirati u Kingambit. Iako komanduje ogromnom vojskom u borbi, nije vešt u osmišljavanju složenih strategija. Samo koristi grubu snagu da nastavi da gura.",20,1200,275,FALSE,FALSE,generation-ix,100,135,120,60,85,50
"Calirek je milostivi Pokemon, sposoban da pruži isceljenje i blagoslov. Ona je vladala nad regionom Galar u davna vremena. Kalireks je u legendi poznat kao kralj koji je vladao Galarom u drevnim vremenima. Ima moć da natera srca da se poprave i biljke da niču.",11,77,250,TRUE,FALSE,generation-viii,100,80,80,80,80,80
"On pretvara sunčevu svetlost u energiju. U mraku posle zalaska sunca zatvara svoje latice i umiruje se. Danju užurbano juri, ali se potpuno zaustavlja kada sunce zađe. Kako se približava vruća sezona, latice na licu ovog POKeMON-a postaju življe i življe.",8,85,149,FALSE,FALSE,generation-ii,75,75,55,105,85,30
Školjka na leđima je hemijski nestabilna i snažno eksplodira ako se udari. Rupa u stomaku je njegova slaba tačka. Iz nozdrva izbacuje vatru i otrovne gasove. Njegova balega je eksplozivna supstanca i može se koristiti u različite svrhe. Živi u vulkanima i jede sumpor i druge minerale. Materijali iz hrane koju jede čine osnovu njegove eksplozivne školjke.,20,2120,170,FALSE,FALSE,generation-vii,60,78,135,91,85,36
"On udara glavom sa vodenim mehurićem na glavi. Mali Pokemoni bivaju usisani u mehur, gde se udave. Uprkos tome što njegov izgled sugeriše, brine o drugima. Ako pronađe ranjive, slabe Pokemone, zaštitnički ih dovodi u svoj vodeni mehur. Obično prolazi u vodi. Kada mu je stomak pun, čuva svoj pokoreni plen u vodeni mehur na glavi.",18,820,159,FALSE,FALSE,generation-vii,68,70,92,50,132,42
Njegov mozak može da izvede super kompjuter. Kaže se da je njegov koeficijent inteligencije 5.000. POKeMON koji može zapamtiti bilo šta. Nikada ne zaboravlja šta nauči-- zato je ovaj POKeMON pametan. Zatvaranje oba oka pojačava sva ostala čula. To mu omogućava da iskoristi svoje sposobnosti do krajnjih granica.,15,480,225,FALSE,FALSE,generation-i,55,50,45,135,95,120
"To je grubijanac koji svojim kleštima pokupi i izbaci druge Pokemone iz svog jezera. CRAVDAUNT ima izuzetno nasilnu prirodu koja ga primorava da izazove druga živa bića u bitku. Drugi oblici života odbijaju da žive u jezercima u kojima živi ovaj POKeMON, čineći ih pustim mestima. CRAVDAUNT redovno linja (odbacuje) svoju ljusku. Neposredno nakon linjanja, njegova ljuska je mekana i nežna. Dok se školjka ne stvrdne, ovaj POKeMON se krije u svojoj jazbini u koritu potoka kako bi izbegao napad svojih neprijatelja.",11,328,164,FALSE,FALSE,generation-iii,63,120,85,90,55,55
"Zakopčava se okolo, oštro traži otvor. Koncentriše električnu energiju unutar svojih velikih čeljusti i koristi je da ubije svoje neprijatelje. Ona proizvodi električnu energiju preko električnog organa u stomaku. Preplavljuje ptičje Pokemone šokantnim snopovima električne energije. Ima organ koji proizvodi struju u stomaku. Koncentriše energiju u svojim snažnim čeljustima i ispaljuje snažne udare struje.",15,450,225,FALSE,FALSE,generation-vii,77,70,90,145,75,43
"Kada vide neprijatelja, repovi im se podignu, a oni pljuju seme bobica pohranjeno u obraznim kesama. Oni čine da šare na njihovom telu sijaju kako bi ugrozile predatore. Oštar vid im omogućava da vide u mraku. Koristeći luminiscentnu materiju, čini da mu oči i telo sijaju i omamljuje protivnike koji napadaju.",11,270,147,FALSE,FALSE,generation-v,60,85,69,60,69,77
"ILLUMISE privlači roj VOLBEAT-a slatkim mirisom. Kada se VOLBEAT okupe, ovaj POKeMON predvodi osvetljeni roj u crtanju geometrijskih dizajna na platnu noćnog neba. ILLUMISE vodi let osvetljenog VOLBEAT-a da crta znakove na noćnom nebu. Za ovaj POKeMON se kaže da zarađuje veće poštovanje od svojih vršnjaka komponujući složenije dizajne na nebu. Noćni POKeMON koji postaje aktivan kada padne noć. Predvodi VOLBEAT roj da crta obrasce na noćnom nebu. Potvrđeno je preko 200 različitih obrazaca.",6,177,151,FALSE,FALSE,generation-iii,65,47,75,73,85,85
Ovaj Pokemon živi duboko u šumi. Jedenje lista sa glave uklanja umor kao magijom. List na glavi deli sa Pokemonima umornog izgleda. Poznato je da ovi listovi ublažavaju stres. Dobar je u pronalaženju bobica i sakupljanju ih sa svih strana. Dovoljno je ljubazno da ih podelite sa prijateljima.,6,105,63,FALSE,FALSE,generation-v,50,53,48,53,48,64
"Kaže se da se ŠELDER koji je zakačen za SLOVPOKE-ov rep hrani ostacima domaćina. Živi lenjo pored mora. Ako se ŠELDER na repu odvoji, ponovo postaje SLOVPOKE. Ako SHELLDER koji grize rep bude odbačen u oštroj borbi, on se vraća u običan SLOVPOKE.",16,785,172,FALSE,FALSE,generation-i,95,75,110,100,80,30
Sposoban da pliva unazad tako što brzo maše svojim prsnim perajima nalik krilima i krepkim repom. Dodirivanje zadnje peraje izaziva utrnulost. Zakači svoj rep za koral da bi ostao na mestu dok spava. Pregledom njegovih ćelija otkriveno je prisustvo gena koji nije pronađen u HORSEA. Postala je vruća tema.,12,250,154,FALSE,FALSE,generation-i,55,65,95,95,45,85
"POKeMON koji se u potpunosti sastoji od programskog koda. Može se slobodno kretati u sajber prostoru. Jedini POKeMON ljudi za koje očekuju da može da leti u svemir. Međutim, niko još nije uspeo u ovom podvigu. To je veštački POKeMON. Pošto ne diše, ljudi su željni da ga isprobaju u bilo kom okruženju.",8,365,79,FALSE,FALSE,generation-i,65,60,70,85,75,40
"Kada ujede svojim masivnim i snažnim čeljustima, odmahuje glavom i divljački razdire svoju žrtvu. Teško mu je da izdrži sopstvenu težinu iz vode, pa se spušta na sve četiri. Ali brzo se kreće. Iako ima masivno telo, moćne zadnje noge mu omogućavaju da se brzo kreće, čak i po zemlji.",23,888,239,FALSE,FALSE,generation-ii,85,105,100,79,83,78
"Kada odluči da se bori sa svim silama, staje na prethodno sklopljene noge da bi ušao u režim obračuna. U kratkom roku neutrališe svoje neprijatelje. Koristi svoj normalno presavijeni treći set nogu kada je u režimu Shovdovn. Ovo predstavlja ogroman teret za njegovo telo, tako da ne može dugo da ostane u ovom režimu.",10,175,158,FALSE,FALSE,generation-ix,71,102,78,52,55,92
Ova nadograđena verzija PORIGON-a je dizajnirana za istraživanje svemira. Ali ne može da leti. Dalja istraživanja su poboljšala njegove sposobnosti. Ponekad može pokazati pokrete koji nisu programirani. Ovaj veštački POKeMON je evoluirao iz najnovije tehnologije. Možda ima neprogramirane reakcije.,6,325,180,FALSE,FALSE,generation-ii,85,80,90,105,95,60
Koristi antigravitaciju da ostane suspendovan. Pojavljuje se bez upozorenja i koristi THUNDER VAVE i slične poteze. Rađa se sa sposobnošću da prkosi gravitaciji. Lebdi u vazduhu na snažnim elektromagnetnim talasima. Privlače ga elektromagnetni talasi. Može se približiti trenerima ako koriste svoj POKeGEAR.,3,60,65,FALSE,FALSE,generation-i,25,35,70,95,55,45
"Ako vas opeče plamen koji puca iz svojih usta, bol nikada neće nestati. Kada čuju njegov jezivi urlik, drugi POKeMON dobijaju drhtavicu i kreću se pravo nazad u svoja gnezda. Plamen oštrog mirisa koji puca iz njegovih usta rezultat je toksina koji sagorevaju u njegovom telu.",14,350,175,FALSE,FALSE,generation-ii,75,90,50,110,80,95
"Za koje se kaže da su preci ptičjih Pokemona, nisu mogli da lete i kretali su se skačući sa jedne grane na drugu. Oživljen iz fosila, smatra se da je ovaj Pokemon predak svih ptičjih Pokemona. Oživeo je iz drevnog fosila. Nesposoban da leti, živeo je u krošnjama drveća i skakao sa jedne grane na drugu.",5,95,71,FALSE,FALSE,generation-v,55,112,45,74,45,70
"Prisustvo HUNTAIL-a dugo je prošlo nezapaženo od strane ljudi jer živi na ekstremnim dubinama u moru. Oči ovog POKeMON-a mogu jasno da vide čak i u mračnim mračnim dubinama okeana. HUNTAIL-ov rep je u obliku ribe. Koristi rep da privuče plen, a zatim ga proguta celim svojim velikim, razjapljenim ustima. Ovaj POKeMON pliva pomerajući svoje vitko telo poput zmije. Da bi izdržao pritisak vode duboko pod morem, njegova kičma je veoma debela i čvrsta. Njegov rep, koji je u obliku male ribe, ima oči koje svetle.",17,270,170,FALSE,FALSE,generation-iii,55,104,105,94,75,52
"SHROOMISH žive u vlažnoj zemlji u mračnim dubinama šuma. Često se nalaze kako se drže ispod opalog lišća. Ovaj POKeMON se hrani kompostom koji se sastoji od opalog, trulog lišća. Ako SHROOMISH oseti opasnost, protresa svoje telo i raspršuje spore sa vrha glave. Spore ovog POKeMON-a su toliko toksične da uvenu drveće i korov. Voli da jede vlažno, kompostirano zemljište u šumama. Ako uđete u šumu posle duge kiše, možete videti mnoge SHROOMISH kako se guštaju na kompostiranom zemljištu.",4,45,59,FALSE,FALSE,generation-iii,60,40,60,40,60,35
"Munna uvek lebdi u vazduhu. Ljudi čije snove pojedu zaboravljaju o čemu su snovi bili. Jede snove ljudi i Pokemona. Kada jede prijatan san, izbacuje maglu ružičaste boje. Ovaj Pokemon se pojavljuje pred ljudima i Pokemonima koji imaju noćne more i jedu te snove.",6,233,58,FALSE,FALSE,generation-v,76,25,45,67,55,24
"Lebdi u toplim morima. Uvek se vraća tamo gde je rođen, ma koliko daleko odlutao. Pokemon koji živi u toplim morima. Naduvava plutajuću vreću na svojoj glavi da bi plutala i tražila hranu. Kada se voda zagreje, oni naduvaju plutajuću vreću na glavi i u čoporima klonulo plutaju po moru.",4,31,216,FALSE,TRUE,generation-iv,80,80,80,80,80,80
"Zagreva svoje telo tako što krilima upija sunčevu svetlost. Kada mu telesna temperatura padne, više ne može da se kreće. Trči kroz uske pećine, koristeći svoje oštre kandže da uhvati plen. Koža na njegovom licu je tvrđa od kamena. Prolazi kroz uske tunele koje su formirali Ekcadrill i Onik. Koristi svoje oštre kandže da uhvati plen.",16,1390,170,FALSE,FALSE,generation-v,77,120,90,60,90,48
"Jedva se pomera, ali je još uvek živ. Čini se da je skrivanje u njegovoj ljusci bez hrane i vode probudilo njegove psihičke moći. Dok raste u svojoj ljusci, koristi svoje psihičke sposobnosti da nadgleda spoljašnji svet i priprema se za evoluciju.",4,195,117,FALSE,FALSE,generation-viii,50,35,80,50,90,30
"Može da manipuliše pamćenjem protivnika. Očigledno, komunicira tako što treperi svoja tri prsta različite boje. Koristi psihičku moć da kontroliše mozak protivnika i menja njegova sećanja. Očigledno, komunicira tako što treperi svoja tri prsta, ali ti obrasci nisu dekodirani.",10,345,170,FALSE,FALSE,generation-v,75,75,75,125,95,40
"Ima oči koje mogu da vide kroz sve. Uočava i hvata plen koji se krije iza predmeta. Kada mu oči zasijaju zlatom, može uočiti plen koji se skriva - čak i one koji se skrivaju iza zida. Može jasno da vidi kroz zidove kako bi ušao u trag svom plenu i potražio izgubljene mlade.",14,420,235,FALSE,FALSE,generation-iv,80,120,79,95,79,70
"U gustim šumama, ovaj Pokemon živi u čoporu sa drugima te vrste. Neverovatno je agresivan, a drugi šumski Pokemoni ga se plaše. Kada se loze na Zarudeovom telu otrgnu, one postaju hranljive materije u tlu. Ovo pomaže šumskim biljkama da rastu.",18,700,300,FALSE,TRUE,generation-viii,105,120,105,70,95,105
"Njegovo telo je sastavljeno od plazme. Poznato je da se infiltrira u elektronske uređaje i izaziva pustoš. Njegovo električno telo može ući u neke vrste mašina i preuzeti kontrolu kako bi napravilo nestašluke. Istraživanja se nastavljaju o ovom Pokemonu, koji bi mogao biti izvor energije jedinstvenog motora.",3,3,154,FALSE,FALSE,generation-iv,50,50,77,95,77,91
Svojim vodenim balonima upravlja pesmom. Melodija se uči od drugih te vrste i prenosi se sa generacije na generaciju. Njegov pevački glas je njegovo glavno oružje u borbi. Ovaj trener Pokemona mora po svaku cenu dati prioritet svakodnevnom održavanju svog grla. Za Primarina je svaka bitka pozornica. Lepim pevanjem i igrom obara svoj plen.,18,440,239,FALSE,FALSE,generation-vii,80,74,74,126,116,60
"Svojim oštrim očnjacima ugrize bilo šta. Prvobitno nije živeo u Aloli, već je uvezen iz drugog regiona. Luta okolo u beskrajnoj potrazi za hranom. U sumrak se sruši od iscrpljenosti i na licu mesta zaspi. Njegov stomak zauzima veći deo dugog torza. Veoma je jede, tako da količina koju treneri moraju da potroše na njegovu hranu nije smešna.",4,60,51,FALSE,FALSE,generation-vii,48,70,30,30,30,45
"Njegovo telo uvek gori narandžastim sjajem koji mu omogućava da se savršeno sakrije među plamenom. Rođen u aktivnom vulkanu. Njegovo telo je uvek obavijeno plamenom, tako da izgleda kao velika vatrena lopta. Ne voli hladna mesta, pa duva užarenu vatru da bi okolina bila pogodna za sebe.",13,445,173,FALSE,FALSE,generation-i,65,95,57,100,85,93
"Napravljena od zemlje, školjka na leđima se stvrdne kada pije vodu. Živi pored jezera. Svojim telom preduzima fotosintezu, stvarajući kiseonik. List na glavi vene ako je žedan. Školjka na leđima je napravljena od zemlje. Na veoma zdravom TURTVIG-u, školjka bi trebalo da bude vlažna.",4,102,64,FALSE,FALSE,generation-iv,55,68,64,45,55,31
"Za MILOTICA se kaže da je najlepši od svih POKeMON-a. Ima moć da smiri emocije kao što su bes i neprijateljstvo da uguši ogorčenu svađu. MILOTIĆI žive na dnu velikih jezera. Kada telo ovog POKeMON-a zasvetli živopisno ružičasto, ono oslobađa pulsirajući talas energije koji donosi umirujuću smirenost nemirnim duhovima. Kažu da živi na dnu velikih jezera. Smatra se najlepšim od svih POKeMON-a, prikazan je na slikama i statuama.",62,1620,189,FALSE,FALSE,generation-iii,95,60,79,100,125,81
Ima sposobnost da izobliči prostor. Opisan je kao božanstvo u mitologiji regiona Sinnoh. Za njega se kaže da živi u procepu u prostornoj dimenziji paralelnoj sa našom. Pojavljuje se u mitologiji. Legendarni pokemon iz Sinnoha. Rečeno je da prostor postaje stabilniji sa svakim PALKIJIM dahom.,42,3360,306,TRUE,FALSE,generation-iv,90,120,100,150,120,100
"Njeno poverenje u partnera je ono što ga budi. Ovaj Pokemon je sposoban da promeni svoj tip, fleksibilnost koja se dobro pokazuje u borbi. Iako se prvo zvao Tipe: Null, dečak koji ga je razvio u ovaj oblik dao mu je ime po kojem je sada poznata. Ovo je njegov oblik kada se probudi i razvije. Oslobođen svoje teške maske, njegova brzina je znatno povećana.",23,1005,257,TRUE,FALSE,generation-vii,95,95,95,95,95,95
"SLAKOTH se leluja okolo preko dvadeset sati svakog dana. Pošto se tako malo kreće, ne treba mu mnogo hrane. Jedini dnevni obrok ovog POKeMON-a sastoji se od samo tri lista. SLAKOTH-ovo srce kuca samo jednom u minutu. Šta god da se desi, zadovoljan je da se nepomično leluja. Retko se može videti ovaj POKeMON u pokretu. Spava praktično ceo dan i noć. Ne menja svoje gnezdo celog života, ali ponekad prelazi velike udaljenosti plivajući u rekama.",8,240,56,FALSE,FALSE,generation-iii,60,60,60,35,35,30
"Kada je napadnut, brani se zatvaranjem poklopca svoje školjke. Može da ispljune lepljivu, otrovnu tečnost. Evoluira kada se okupa električnom energijom zajedno sa Karrablastom. Razlog je još nepoznat. Kada su on i Karrablast zajedno, i oboje primaju električnu stimulaciju, oboje evoluiraju.",4,77,61,FALSE,FALSE,generation-v,50,40,85,40,65,25
"Ovaj Pokemon donosi pobedu. Rečeno je da treneri sa Victinijem uvek pobeđuju, bez obzira na vrstu susreta. U svom telu stvara neograničeno zalihe energije koju deli sa onima koji ga dodirnu. Kada deli beskonačnu energiju koju stvara, celo telo tog bića će biti preplavljeno snagom.",4,40,270,FALSE,TRUE,generation-v,100,100,100,100,100,100
"Njegove dobro razvijene čeljusti su moćne i sposobne da zgnječe bilo šta. Čak i njegov trener mora biti oprezan. Mali je, ali grub i čvrst. Neće oklevati da zagrize bilo šta što se kreće. Ovo grubo stvorenje gađa svaki pokretni predmet koji vidi. Ne preporučuje se okretanje leđima.",6,95,63,FALSE,FALSE,generation-ii,50,65,64,44,48,43
"Vešta igračica, ona stvara niz vodenih balona dok pleše i žustro bombarduje svoje neprijatelje. Duboko brine o svojim saputnicima. Kada se njegov trener oseća loše, on izvodi veseli ples kako bi pokušao da pomogne. Uzbuđuje se kada vidi ples koji ne poznaje. Ovaj vredni radnik vredno vežba dok ne nauči taj ples.",6,175,147,FALSE,FALSE,generation-vii,60,69,69,91,81,50
"U dalekoj prošlosti bio je nešto jači od užasno slabih potomaka koji postoje danas. Poznat po tome što je veoma nepouzdan. Može se naći kako pliva u morima, jezerima, rekama i plitkim lokvama. Nemoćni, patetični POKeMON. U retkim prilikama može skočiti visoko, ali nikada više od sedam stopa.",9,100,40,FALSE,FALSE,generation-i,20,10,55,15,20,80
"U snu se rađa, spava i umire. Svi njegovi pokreti očigledno nisu ništa više od rezultata njegovog bacanja i okretanja u snovima. Balvan koji drži dali su mu roditelji pri rođenju. Takođe je poznato da se drži za ruku prijateljskog trenera. Ostaje da spava od trenutka kada se rodi. Kada padne u dubok san, potpuno prestaje da se kreće.",4,199,168,FALSE,FALSE,generation-vii,65,115,65,75,95,65
"Ako njegov bes dostigne vrhunac, postaje toliko vruć da će sve što ga dotakne odmah zapaliti. Ima tajni, razarajući potez. Trlja svoje užareno krzno zajedno da izazove ogromne eksplozije. Kada toplota iz njegovog tela izazove da vazduh oko njega svetluca, to je znak da je spreman za borbu.",17,795,240,FALSE,FALSE,generation-ii,78,84,78,109,85,100
"Njegov dugi rep služi kao tlo da se zaštiti od sopstvene visokonaponske struje. Njegov dugi rep služi kao tlo da se zaštiti od sopstvene snage visokog napona. Kada se u njegovom telu nakupi električna energija, ono postaje žestoko. Takođe svetli u mraku.",8,300,218,FALSE,FALSE,generation-i,60,90,55,90,80,110
"Bori se koristeći skalchop na stomaku. Kao odgovor na napad, odmah uzvraća sečenjem. Skalčop na stomaku je napravljen od istih elemenata kao i kandže. Odvaja skalčop za upotrebu kao sečivo. Skalč na stomaku se ne koristi samo za borbu - može se koristiti i za lomljenje tvrdih bobica.",5,59,62,FALSE,FALSE,generation-v,55,55,45,63,45,45
"Unutar SHELGON-ove školjke nalik oklopu, ćelije su usred transformacije kako bi stvorile potpuno novo telo. Ova POKeMON-ova školjka je izuzetno teška, zbog čega su njeni pokreti spori. ŠELGONOVO telo pokrivaju izrasline slične kostima. Granata je veoma tvrda i odbija se od neprijateljskih napada. Dok čeka evoluciju, ovaj POKeMON se skriva u pećini. Gotovo da ne jede dok čeka evoluciju. Postaje teže trpeći glad. Njegova školjka se ljušti čim počne da se razvija.",11,1105,147,FALSE,FALSE,generation-iii,65,95,100,60,50,50
"Kada ga primete, ovaj POKeMON beži unazad tako što se besno zabija u zemlju svojim repom. Ako je uočen, ograđuje se zakopavanjem repom. Može samo lagano da lebdi koristeći svoja krila. Krije se duboko u pećinama gde svetlost nikada ne dopire do njega i tamo ostaje praktično nepomična.",15,140,145,FALSE,FALSE,generation-ii,100,70,70,65,65,45
"SOLROCK je nova vrsta POKeMON-a za koju se kaže da je pala iz svemira. Lebdi u vazduhu i nečujno se kreće. U borbi, ovaj POKeMON oslobađa intenzivno svetlo. Sunčeva svetlost je izvor SOLROCK-ove moći. Kaže se da poseduje sposobnost da čita emocije drugih. Ovaj POKeMON odaje intenzivnu toplotu dok rotira svoje telo. Solarna energija je izvor snage ovog POKeMON-a. Tokom sunčanih dana, grupe SOLROCK-a se postrojavaju okrenute prema suncu i upijaju njegovu svetlost.",12,1540,161,FALSE,FALSE,generation-iii,90,95,85,55,65,70
"Živi na snežnim planinama. Pošto je imao malo kontakta sa ljudima, hrabro je radoznao. U proleće oko stomaka uzgaja bobice sa teksturom smrznutih poslastica. Naizgled radoznali za ljude, okupljaju se oko koraka koje pronalaze na snežnim planinama.",10,505,67,FALSE,FALSE,generation-iv,60,62,50,62,60,40
Voli da svoju ljusku čini debljom dodavanjem slojeva kore drveta. Dodatna težina mu ne smeta. Visi i čeka da se plijen letećih insekata približi. Ne kreće se mnogo sam od sebe. Izbacuje tečnost koju koristi za lepljenje kore drveta za svoje telo. Tečnost se stvrdne kada dodirne vazduh.,6,72,58,FALSE,FALSE,generation-ii,50,65,90,35,35,15
"Cveta u vreme jake sunčeve svetlosti. Pokušava da nadoknadi sve što je pretrpeo kao pupoljak. Poslušan je kao pupoljak, ali postaje veseo kada procveta. Savija se nazad u pupoljak ako sunčeva svetlost nestane. Ako oseti jaku sunčevu svetlost, otvara svoje savijene latice da apsorbuje sunčeve zrake celim telom.",5,93,158,FALSE,FALSE,generation-iv,70,60,70,87,78,85
"RAIKUAZA je živela stotinama miliona godina u ozonskom omotaču Zemlje, nikada se nije spuštala na zemlju. Čini se da se ovaj POKeMON hrani vodom i česticama u atmosferi. Rečeno je da je RAIKUAZA živela stotinama miliona godina u ozonskom omotaču Zemlje, iznad oblaka. Njegovo postojanje je bilo potpuno nepoznato jer je živeo tako visoko na nebu. POKeMON koji beskrajno leti u ozonskom omotaču. Rečeno je da bi se spustio na zemlju ako bi se KIOGRE i GROUDON borili.",70,2065,306,TRUE,FALSE,generation-iii,105,150,90,150,90,95
Ispušta valove pare i nestaje u gustoj magli. Kažu da živi u planinama gde ljudi ne gaze. Izbacuje svoju unutrašnju paru iz ruku na leđima. Ima dovoljno snage da oduva planinu.,17,1950,270,FALSE,TRUE,generation-vi,80,110,120,130,90,70
"Iako se uvek pretvara da je drvo, čini se da je njegov sastav bliži steni nego biljci. Prerušava se u drvo da bi izbegao napad. Mrzi vodu, pa će nestati ako počne da pada kiša. Ako se grana drveta trese kada nema vetra, to je SUDOVOODO, a ne drvo. Skriva se od kiše.",12,380,144,FALSE,FALSE,generation-ii,70,100,115,30,65,30
Telo koje podržava loptu se jedva kreće. Stoga se smatra da je pravo telo ovog Pokemona zapravo unutar lopte. Beba spava unutar lopte. Rabsca umirujuće kotrlja loptu svojim nogama kako bi osigurala da beba udobno spava.,3,35,165,FALSE,FALSE,generation-ix,75,50,85,115,100,45
"Kroz svoj nos usisava emanacije koje proizvode ljudi i Pokemoni kada se osećaju iznerviranim. Ona napreduje od ove negativne energije. Ušunja se u domove ljudi, kradući stvari i uživajući u negativnoj energiji frustriranih stanara.",4,55,53,FALSE,FALSE,generation-viii,45,45,30,55,40,50
"Stvara bacanje zvezda iz komprimovane vode. Kada ih okreće i baci velikom brzinom, ove zvezde mogu da pocepaju metal na dva dela. Pojavljuje se i nestaje sa nindžinom milošću. Igra se sa svojim neprijateljima brzim pokretima, dok ih seče bacajućim zvezdama najoštrije vode.",15,400,239,FALSE,FALSE,generation-vi,72,95,67,103,71,122
"Njegovo kovrdžavo runo je tako efikasan jastuk da bi ovaj Pokemon mogao pasti sa litice i stati na dno, nepovređen. Ako mu runo izraste predugo, Vooloo neće moći da se pomeri. Tkanina napravljena od vune ovog Pokemona je iznenađujuće jaka.",6,60,122,FALSE,FALSE,generation-viii,42,40,55,40,45,48
"Peraje na MUDKIP-ovoj glavi deluje kao veoma osetljiv radar. Koristeći ovo peraje da oseti kretanje vode i vazduha, ovaj POKeMON može da odredi šta se dešava oko njega bez upotrebe očiju. U vodi MUDKIP diše pomoću škrga na obrazima. Ako se suoči sa teškom situacijom u borbi, ovaj POKeMON će osloboditi svoju neverovatnu moć - može da lomi kamenje veće od sebe. Na kopnu može snažno podići velike kamene gromade tako što će zasaditi svoje četiri stope i podići. Spava zakopavajući se u zemlju na ivici vode.",4,76,62,FALSE,FALSE,generation-iii,50,70,50,50,50,40
"Zagrevanje tokom trčanja pokreće energiju vatre koja struji kroz telo ovog Pokemona. Kada se to dogodi, spreman je da se bori punom snagom. Ima posebne jastučiće na zadnjim stranama nogu, a jedan na nosu. Jednom kada se bori, ovi jastučići zrače ogromnu toplotu.",3,45,62,FALSE,FALSE,generation-viii,50,71,40,40,40,69
"PLUSLE uvek deluje kao navijačica za svoje partnere. Kad god saigrač uloži dobar napor u borbi, ovaj POKeMON kraće svoje telo da bi stvorio pucketanje varnica kako bi pokazao svoju radost. Kada PLUSLE bodri svog partnera, bljeska električnim varnicama po celom telu. Ako njegov partner izgubi, ovaj POKeMON glasno plače. Ima osobinu da navija za svoje kolege POKeMON. Isključujući struju koju oslobađa iz svojih šapa, stvara pompone za navijanje.",4,42,142,FALSE,FALSE,generation-iii,60,50,40,85,75,95
"Formira ih nekoliko MAGNEMITA povezanih zajedno. Često se pojavljuju kada buknu sunčeve pege. Generiše čudne radio signale. Podiže temperaturu za 3,6F stepeni na udaljenosti od 3300 stopa. Tri MAGNEMITA su povezana jakom magnetnom silom. Bolovi u ušima će se pojaviti ako se previše približite.",10,600,163,FALSE,FALSE,generation-i,50,60,95,120,70,70
"Pravi gnezdo od kostiju koje nađe. Zgrabi oslabljeni plen svojim kandžama i vuče ga u svoje gnezdo od kostiju. Gledajući sa neba, oni jurišaju da udare oslabljene Pokemone na zemlju. Kise se kostima. Lete u krugovima oko neba. Kada uoče plen, oni ga napadaju i sa lakoćom ga nose nazad u svoje gnezdo.",12,395,179,FALSE,FALSE,generation-v,110,65,105,55,95,80
"Može da leti brže od 120 mph. Bori se sa Dreepijem i voli ih dok se uspešno ne razviju. Bez Dreepi-ja koji treba staviti na glavu i brinuti o njemu, postaje toliko nelagodno da će pokušati da zameni nestalog Dreepija bilo kog Pokemona koje pronađe.",14,110,144,FALSE,FALSE,generation-viii,68,80,50,60,50,102
"Moćne noge i vilice učinile su ga vrhunskim grabežljivcem svog vremena. Njegov sopstveni prekomerni lov na plen bio je ono što ga je dovelo do izumiranja. Njegove moćne noge su sposobne da trče brzinom većom od 40 mph, ali ovaj Pokemon ne može da diše osim ako nije pod vodom.",23,2150,177,FALSE,FALSE,generation-viii,90,90,100,70,80,75
"Svaki frontalni napad je odbijen. To je poslušni Pokemon koji se hrani travom i bobicama. Kada su napadnuti, formiraju zid svojim licima nalik štitu kako bi zaštitili svoje mlade. Kada su se postrojili jedan pored drugog, nijedan neprijatelj nije mogao da se probije. Na taj način su štitili svoje mlade.",13,1495,173,FALSE,FALSE,generation-iv,60,52,168,47,138,30
"Hrani se morskim algama, koristeći zube da ih struže sa kamenja. Električna struja teče iz vrhova njegovih bodlji. On skladišti električnu energiju u svakoj kičmi. Čak i ako se jedan pokvari, i dalje nastavlja da emituje struju najmanje tri sata.",3,10,152,FALSE,FALSE,generation-viii,48,101,95,91,85,15
"Otvoriće grane svoje glave da bi obavio svoj plen. Kada apsorbuje svu životnu energiju koja joj je potrebna, izbacuje plen i odbacuje ga. Brambleghast luta po sušnim regionima. U retkim prilikama, masovne epidemije ovih Pokemona će zatrpati ceo grad.",12,60,168,FALSE,FALSE,generation-ix,55,115,70,80,70,90
"Iako njegovo krzno ima mnogo obožavatelja, teško ga je uzgajati kao kućnog ljubimca zbog njegove nestalne podlosti. Dragulj u njegovom čelu sija sam od sebe! Hoda sa svom gracioznošću i elegancijom ponosne kraljice. Mnogi ga obožavaju zbog njegovog sofisticiranog vazduha. Međutim, izbijaće i grebati bez razloga.",10,320,154,FALSE,FALSE,generation-i,65,70,60,65,65,115
"Njegov elegantan oblik je savršen za plivanje. Svojim kandžama seče plen i odvodi telesne tečnosti. Vitak i brz plivač. Svojim oštrim srpovima seče plen i pije telesnu tečnost. U vodi se uvlači u svoje udove da bi postao kompaktniji, a zatim pomera školjku da bi brzo plivao.",13,405,173,FALSE,FALSE,generation-i,60,115,105,65,70,80
"Iz grudi i leđa luči fleksibilne mehuriće. Mehurići smanjuju štetu koju bi inače naneli kada bi bili napadnuti. Štiti svoju kožu tako što prekriva svoje telo u delikatnim mehurićima. Ispod svog veselog vazduha, budno pazi na okolinu.",3,70,63,FALSE,FALSE,generation-vi,41,56,40,62,44,71
"Suočava se sa jakim protivnicima sa velikom hrabrošću. Ali, kada je u borbi u nepovoljnom položaju, ovaj inteligentni Pokemon beži. Duga kosa oko njegovog lica pruža neverovatan radar koji mu omogućava da oseti suptilne promene u svom okruženju. Iako je veoma hrabar Pokemon, takođe je dovoljno pametan da proveri snagu svog neprijatelja i izbegne bitku.",4,41,55,FALSE,FALSE,generation-v,45,60,45,25,45,55
"Oštrice čine celo telo ovog Pokemona. Ako borba otupi sečiva, ona ih oštri na kamenju pored reke. Bore se po Bišarpovoj komandi. Oni se drže svog plena i nanose štetu tako što zarivaju u njega svoja sečiva. Ignorišući svoje povrede, grupe napadaju tako što zarivaju oštrice koje pokrivaju njihova tela u plen.",5,102,68,FALSE,FALSE,generation-v,45,85,70,40,40,60
"Tri roga koja se protežu od njegovog kljuna svedoče o njegovoj moći. Vođa ima najveće rogove. Pliva brzo kao mlazni čamac. Ivice njegovih krila su oštre i mogu da rascepe lebdeći led. Ako bi neko povredio njen ponos, razbio bi ih krilima koja mogu da probiju ledenu plohu.",17,845,239,FALSE,FALSE,generation-iv,84,86,88,111,101,60
"Oni oteraju napadače oslobađanjem psihičke moći. Oni mogu koristiti telepatiju da razgovaraju sa drugima. Pošto su njihova tela obavijena posebnom tečnošću, mogu da prežive u bilo kom okruženju. Pošto su njihova tela obavijena posebnom tečnošću, oni su u redu u svakom okruženju, ma koliko ozbiljno.",3,10,58,FALSE,FALSE,generation-v,45,30,40,105,50,20
"LATIAS je veoma osetljiv na emocije ljudi. Ako oseti bilo kakvo neprijateljstvo, ovaj POKeMON mrsi perje po celom telu i kričavo plače da bi zastrašio neprijatelja. LATIAS je veoma inteligentan i sposoban da razume ljudski govor. Pokriven je staklenim puhom. POKeMON obavija svoje telo puhom i prelama svetlost da bi promenio svoj izgled. Oni čine malo stado od samo nekoliko članova. Retko stupaju u kontakt sa ljudima ili drugim POKeMON-ima. Nestaju ako osete neprijatelje.",14,400,270,TRUE,FALSE,generation-iii,80,80,90,110,130,110
"Oni koriste hipnozu da kontrolišu ljude i Pokemone. Na svakom ćošku pričaju se priče o Gothoriti koja vodi ljude na krivi put. Svetlost zvezda je izvor njihove moći. Noću obeležavaju položaje zvezda koristeći psihičku moć da lebde kamenje. Prema mnogim starim pričama, ono stvara prijatelje za sebe kontrolišući usnulu decu u zvezdanim noćima.",7,180,137,FALSE,FALSE,generation-v,60,45,70,75,85,55
"Na prvi pogled, POOCHIENA zagrize sve što se kreće. Ovaj POKeMON juri za plenom sve dok se žrtva ne iscrpi. Međutim, može okrenuti rep ako plen uzvrati udarac. POOCHIENA je svejed - poješće sve. Karakteristična karakteristika je koliko su njegovi očnjaci veliki u poređenju sa telom. Ovaj POKeMON pokušava da zastraši svoje neprijatelje tako što mu dlake na repu nakostreše. Ona divljački preti neprijateljima golim očnjacima. Uporno juri za ciljevima koji beže. Međutim, okreće rep i beži ako neprijatelj uzvrati.",5,136,56,FALSE,FALSE,generation-iii,35,55,35,30,30,35
"Obilno u tropima. Kada pleše, njegove latice trljaju se jedna uz drugu i stvaraju prijatan zvuk zvona. BELLOSSOM se povremeno okupljaju i pojavljuju se da plešu. Kažu da je ples ritual prizivanja sunca. Kada ovi plešu zajedno, njihove latice trljaju se jedna o drugu, stvarajući lepe, opuštajuće zvuke.",4,58,221,FALSE,FALSE,generation-ii,75,80,95,90,100,50
"Zapaljeni ugalj je oživeo i postao Pokemon. Posedujući vatreni borbeni duh, Charcadet će se boriti čak i sa teškim protivnicima. Njegova vatrena moć se povećava kada se bori, dostižući preko 1.800 stepeni Farenhajta. Voli bobice koje su bogate mastima.",6,105,51,FALSE,FALSE,generation-ix,40,50,40,50,40,35
"Ceo život provodi u jabuci. Krije se od svojih prirodnih neprijatelja, ptičjih Pokemona, pretvarajući se da je samo jabuka i ništa više. Čim se rodi, zariva se u jabuku. Ne samo da jabuka služi kao izvor hrane, već i ukus voća određuje njenu evoluciju.",2,5,52,FALSE,FALSE,generation-viii,40,40,80,40,40,20
"Rečeno je da je to ženska evolucija Kosmoga. Kada se njegovo treće oko aktivira, odlazi u drugi svet. Za koji se kaže da živi u drugom svetu, ovaj Pokemon proždire svetlost, prevlačeći tamni veo noći bez meseca preko svetlosti dana. Zapisi o njoj postoje u spisima davno, davno, gde je bila poznata po imenu „zver koja zove mesec“.",40,1200,306,TRUE,FALSE,generation-vii,137,113,89,137,107,97
"SVABLU ima lagana i pahuljasta krila koja su poput pamučnih oblaka. Ovaj POKeMON se ne plaši ljudi. Sleće na glave ljudi i sedi kao kapa od pamuka. SVABLU voli da čisti stvari. Ako uoči nešto prljavo, obrisati će ga i uglancati svojim pamučnim krilima. Ako mu se krila zaprljaju, ovaj POKeMON pronalazi potok i tušira ​​se. POKEMON koji ima krila poput pamučnih oblaka. Nakon što izdrže zimu, u kojoj ima malo hrane, SVABLU jata se u proleće sele bliže gradovima.",4,12,62,FALSE,FALSE,generation-iii,45,40,60,40,75,50
"Legenda kaže da će u retkim prilikama jedna od njegovih glava otpasti i nastaviti kao EKSEGGCUTE. Njegovi krikovi su veoma bučni. To je zato što svaka od 3 glave razmišlja o onome što želi. Njegove tri glave misle nezavisno. Međutim, oni su prijateljski nastrojeni i nikada ne izgledaju kao da se svađaju.",20,1200,186,FALSE,FALSE,generation-i,95,95,85,125,75,55
"Prede strunu ne samo sa zadnje strane, već i iz usta. Teško je reći koji je koji kraj. Jedna nit posebne žice beskonačno se izvlači iz zadnjeg dela. Konec vodi nazad do svog gnezda. Umesto da svije gnezdo na jednom određenom mestu, on luta u potrazi za hranom nakon što padne mrak.",11,335,140,FALSE,FALSE,generation-ii,70,90,70,60,70,40
"Kao vetar, može da se provuče kroz svaki procep, ma koliko mali. Za sobom ostavlja loptice belog paperja. Jašući vihore, pojavljuju se. Ovi Pokemoni se ušunjaju kroz rupe u kuće i izazivaju razne nestašluke. Pojavljuju se zajedno sa vihorima. Oni prave šale, poput pomeranja nameštaja i ostavljanja kuglica pamuka u domovima.",7,66,168,FALSE,FALSE,generation-v,60,67,85,77,75,116
"Privlači plen svojom pljuvačkom slatkog mirisa, a zatim se ugrize. Potreban je ceo dan da se pojede plen. Viseći sa grana koristeći svoje pipke, izgleda kao biljka. Čeka plen, širom otvorenih usta. Veže se za drveće u močvarama. Privlači plen svojim mirisnim slinavkom i guta ga.",14,270,159,FALSE,FALSE,generation-iv,74,100,72,90,72,46
Očigledno je Ciclizar dozvoljavao ljudima da se voze na njegovim leđima od davnina. Prikazi ovoga pronađeni su na muralima starim 10.000 godina. Može da trči brzinom od preko 70 mph dok nosi čoveka. Toplota tela jahača greje Ciclizarova leđa i podiže Pokemonov duh.,16,630,175,FALSE,FALSE,generation-ix,70,95,65,85,65,121
"Nikada ne menjaju rutu kojom lete, jer njihova sećanja na čuvanje drevnog grada ostaju nepokolebljiva. Čuvari drevnog grada, oni koriste svoju psihičku moć da napadnu neprijatelje koji napadaju njihovu teritoriju. Čuvari drevnog grada, oni uvek lete istom rutom dok paze na osvajače.",14,140,172,FALSE,FALSE,generation-v,72,58,80,103,80,97
Njegovo puhasto krzno je po sastavu slično biljkama. Ovaj Pokemon često pere lice da se ne bi osušio. Sladak miris koji odaje njegovo telo očarava one oko sebe. Miris postaje jači kada je ovaj Pokemon na suncu.,4,41,62,FALSE,FALSE,generation-ix,40,61,54,45,45,65
"Oni se motaju oko neprijatelja i šokiraju ih organima koji proizvode struju koji izgledaju jednostavno kao kružni obrasci. Ovi Pokemoni imaju veliki apetit. Kada uoče svoj plen, napadaju ga i parališu strujom. Omota se oko svog plena i parališe ga strujom iz okruglih tačaka na bokovima. Onda žvaće.",12,220,142,FALSE,FALSE,generation-v,65,85,70,75,70,40
"Tajno mirisom obeležava potencijalne mete. Prateći miris, vreba svoje mete i krade od njih kada to najmanje očekuju. Sa gipkim telom i oštrim kandžama, ide okolo kradući hranu i jaja. Boltund je njegov prirodni neprijatelj.",12,199,159,FALSE,FALSE,generation-viii,70,58,58,87,92,90
"Njegove šape skrivaju oštre kandže. Ako je napadnut, iznenada ispruži kandže i preplaši svog neprijatelja. Zlobne prirode, tera PIDžIJE iz njihovih gnezda i gušta se jajima koja zaostaju. Ovaj lukavi POKeMON krije se pod okriljem tame, čekajući da napadne svoj plen.",9,280,86,FALSE,FALSE,generation-ii,55,95,55,35,75,115
"Može da uči i govori ljudske reči. Ako se okupe, svi nauče istu izreku. Održava ritam tako što treperi repnim perjem poput metronoma. Imitira ljudski govor. Njegov jezik je isto kao i ljudski. Kao rezultat toga, može pametno da oponaša ljudski govor.",5,19,144,FALSE,FALSE,generation-iv,76,65,45,92,42,91
Ovaj misteriozni Pokemon ima neke sličnosti sa stvorenjem koje je stara knjiga predstavila kao Slither Ving. Ovaj Pokemon donekle podseća na drevni oblik Volkarone koji je predstavljen u sumnjivom časopisu.,32,920,285,FALSE,FALSE,generation-ix,85,135,79,85,105,81
"Oni obaraju leteći plen ispaljivanjem komprimovane vode iz svojih masivnih kandži kao da pucaju iz pištolja. Kroz kontrolisane eksplozije unutrašnjeg gasa, može da izbaci vodu kao metak iz pištolja. Na malim udaljenostima može razbiti kamen. Njegove kandže povremeno otpadaju i drži se niskog profila dok ponovo ne izrastu. Meso njegovih kandži je tako ukusno!",5,83,66,FALSE,FALSE,generation-vi,50,53,62,58,63,44
"Ovaj Pokemon je stao u odbranu Pokemona koji su izgubili svoje domove u ratu među ljudima. Njegov naboj je dovoljno jak da jednim udarcem probije džinovski zid zamka. O ovom Pokemonu se govori u legendama. O kome se govori u legendi, ovaj Pokemon je iskoristio svoju fenomenalnu moć da uništi zamak u nastojanju da zaštiti Pokemone.",19,2600,261,TRUE,FALSE,generation-v,91,129,90,72,90,108
"Praistorijski POKeMON koji je izumro kada je njegova teška školjka onemogućila hvatanje plena. Oštri kljunovi zvone u ustima. Njegova školjka je bila prevelika da bi se slobodno kretala, pa je izumrla. Očigledno je svojim oštrim očnjacima razbio SHELLDER-ovu školjku i isisao unutrašnjost.",10,350,173,FALSE,FALSE,generation-i,70,60,125,115,70,55
"Lete unaokolo velikom brzinom, udarajući svojim šiljatim kopljima. Čak i kada su u nevolji, hrabro se suočavaju sa protivnicima. Ovi Pokemoni evoluiraju tako što nose omotač od ljuske. Čelični oklop štiti njihovo celo telo. Noseći pokrivač od granate koji su ukrali od Šelmeta, oni se brane i napadaju sa dva koplja.",10,330,173,FALSE,FALSE,generation-v,70,135,105,60,105,20
"NINjASK se kreće tako velikom brzinom da se ne vidi, čak i dok se njegov plač jasno čuje. Iz tog razloga, dugo se verovalo da je ovaj POKeMON nevidljiv. Ako NINjASK nije obučen kako treba, odbijaće da posluša TRENERA i neprestano glasno plače. Zbog ovog kvaliteta, za ovaj POKeMON se kaže da je onaj koji stavlja TRENEROVE sposobnosti na test. Pošto snažno juri velikom brzinom, veoma je teško videti. Predugo slušanje njegovih prepoznatljivih krikova izaziva glavobolju.",8,120,160,FALSE,FALSE,generation-iii,61,90,45,50,50,160
"Kada preplavi moć, narandžasti kristal na njegovom telu sija. Traži podzemnu vodu u pećinama. Pošto je njegova energija bila prevelika da bi se mogla zadržati, energija je procurila i formirala narandžaste kristale. Kad je zdravo, jezgro mu viri. Uvek okrenut na isti način, brzo se pomera napred-nazad i levo-desno.",9,1020,137,FALSE,FALSE,generation-v,70,105,105,50,40,20
"Protivnici koji bulje u svetlucanje tačaka koje emituju svetlost na njegovom telu postaju ošamućeni i gube volju za borbom. On bljeska tačkama koje emituju svetlost na svom telu, što iscrpljuje protivnikovu volju za borbom. Koristi se prilika da se pobegne i sakri. Privlači plen svojim trepćućim svetlima, a zatim ih umotava u svoje dugačke pipke i drži ih na mestu.",4,35,58,FALSE,FALSE,generation-vi,53,54,53,37,46,45
"Može ljude uspavljivati i naterati ih da sanjaju. Aktivan je tokom noći mladog meseca. Narodno predanje kaže da će u noćima bez meseca ovaj Pokemon naterati ljude da vide užasne noćne more. Da bi se zaštitio, one oko sebe pogađa noćne more. Međutim, to ne znači nikakvu štetu.",15,505,270,FALSE,TRUE,generation-iv,70,90,90,135,90,125
"Kada njegova krila uhvati vetar, kosti unutar njih proizvode električnu energiju. Ovaj Pokemon roni u okean, hvatajući plen ubijajući ga strujom. Ovi Pokemoni prave svoja gnezda na obalnim liticama. Gnezda imaju čudnu, pucketavu teksturu i popularna su poslastica.",4,36,56,FALSE,FALSE,generation-ix,40,40,35,55,40,70
"Poseduje najubedljivije hipnotičke moći od svih Pokemona i tera druge da rade šta god požele. Privlači svoj plen hipnotičkim pokretima, a zatim obavija svoje pipke oko sebe pre nego što ga dovrši probavnim tečnostima. Kada je u pitanju snažna hipnoza, postoji beskrajan broj ljudi koji koriste Malamar za svoja podla dela.",15,470,169,FALSE,FALSE,generation-vi,86,92,88,68,75,73
"Iako je odavno izumrla, u retkim slučajevima može se genetski vaskrsnuti iz fosila. Drevni POKeMON koji je pronađen iz fosila. Pliva tako što mudro okreće svojih 10 pipaka. Oživljen iz drevnog fosila, ovaj POKeMON koristi vazduh uskladišten u ljusci da bi tonuo i uzdigao se u vodi.",4,75,71,FALSE,FALSE,generation-i,35,40,100,90,55,35
"Kada Veluza odbaci nepotrebno meso, njegov um postaje izbrušen i njegova psihička moć se povećava. Rezervno meso ima blag, ali ukusan ukus. Veluza ima odlične regenerativne sposobnosti. Izbacuje rezervno meso sa svog tela da bi povećao svoju agilnost, a zatim juriša na svoj plen.",25,900,167,FALSE,FALSE,generation-ix,90,102,73,78,65,70
Ima tri otrovna uboda na prednjim nogama i repu. Navikli su da više puta bodu svog neprijatelja. Leti velikom brzinom i napada koristeći svoje velike otrovne ubode na prednjim nogama i repu. Ima 3 otrovna uboda na prednjim nogama i repu. Navikli su da više puta bodu svog neprijatelja.,10,295,178,FALSE,FALSE,generation-i,65,90,40,45,80,75
Njegovo stanište su mračne šume i pećine. Emituje ultrazvučne talase iz nosa da bi saznao više o svom okruženju. Usisavanje iz nozdrva omogućava mu da se zalepi za zidove pećine tokom spavanja. Iza sebe ostavlja trag u obliku srca. Oznaka u obliku srca koja je ostala na telu nakon što je vubat bio pričvršćen za njega se kaže da donosi sreću.,4,21,65,FALSE,FALSE,generation-v,65,45,43,55,43,72
"Klavf visi naglavačke sa litica, čekajući plen. Ali Klavf ne može dugo da ostane u ovom položaju jer mu krv juri u glavu. Ovaj Pokemon živi na strmim liticama. Zaobilazi napade protivnika, a zatim svojim kandžama juri na njihove slabe tačke.",13,790,158,FALSE,FALSE,generation-ix,70,100,115,35,55,75
"SVAMPERT je veoma jak. Ima dovoljno snage da lako vuče stenu tešku više od tone. Ovaj POKeMON takođe ima moćnu viziju koja mu omogućava da vidi čak i u mutnoj vodi. SVAMPERT predviđa oluje tako što svojim perajima oseća suptilne razlike u zvukovima talasa i plimnih vetrova. Ako se oluja približava, ona gomila kamene gromade da bi se zaštitila. Ako oseti približavanje oluje i plimnog talasa, svoje primorsko gnezdo štiti nagomilavanjem gromada. Pliva brzo kao džet ski.",15,819,241,FALSE,FALSE,generation-iii,100,110,90,85,90,60
"Emituje psihičku moć dovoljno jaku da izazove glavobolje kao odvraćanje od pristupa drugih. Ako ste previše glasni oko njega, rizikujete da vas rastrgnu kandže na njegovom pipku. Ovaj Pokemon je poznat i kao Šumska veštica.",21,51,255,FALSE,FALSE,generation-viii,57,90,95,136,103,29
"Izgled CASTFORM-a se menja sa vremenom. Ovaj POKeMON je stekao sposobnost da koristi ogromnu moć prirode da zaštiti svoje malo telo. CASTFORM pozajmljuje moć prirode da se transformiše u maske sunca, kišnih oblaka i snežnih oblaka. Osećanja ovog POKeMON-a se menjaju sa vremenom. Menja svoj oblik u zavisnosti od vremena. Čini se da promene u klimi, kao što su temperatura i vlažnost, utiču na njegovu ćelijsku strukturu.",3,8,147,FALSE,FALSE,generation-iii,70,70,70,70,70,70
"Jedan udarac nogom od Kuakuaval-a može dovesti do otkotrljanja kamiona. Ovaj Pokemon koristi svoje moćne noge da izvodi upečatljive plesove iz dalekih zemalja. Plešući na način koji priziva daleka mesta, ovaj Pokemon hipnotizira sve koji ga vide. Procvat njegovog ukrasnog vodenog perja seče na njegove neprijatelje.",18,619,265,FALSE,FALSE,generation-ix,85,120,80,85,75,85
"Žive u hladnim regionima, formirajući grupe od četiri ili petoro koji love plen sa impresivnom koordinacijom. On šalje signale drugima tako što urezuje čudne šare na drveću prekrivenom mrazom i ledu. Evolucija ga je učinila još lukavijim. Komunicira hvatanjem znakova u gromadama.",11,340,179,FALSE,FALSE,generation-iv,70,120,65,45,85,125
Ovaj Pokemon izbacuje kriogeni vazduh iz svojih usta. Ovaj vazduh može momentalno da zamrzne čak i tečnost vruću lavu. Pokreće se u bitku tako što se okreće naopačke i izbacuje hladan vazduh iz svojih usta. Svojim dorzalnim sečivom dokrajčuje protivnike.,21,2100,300,FALSE,FALSE,generation-ix,115,145,92,75,86,87
"Dva Binakla žive zajedno na jednoj steni. Kada se bore, jedan od njih će preći na drugu stenu. Protežu se, a zatim skupljaju, povlačeći svoje stene zajedno sa sobom u smelim skokovima. Jedu morske alge koje se nanose na obalu. Nakon što dva Binakla pronađu stenu odgovarajuće veličine, oni se pridržavaju nje i žive zajedno. Oni sarađuju u prikupljanju hrane tokom plime.",5,310,61,FALSE,FALSE,generation-vi,42,52,67,39,56,50
"Dok se neguje, nakuplja krzno u stomaku. Pali krzno i izbacuje vatrene napade, koji se menjaju u zavisnosti od toga kako kašlje. Ne dozvoljava da se njegove emocije lako vide. Za zaradu njegovog poverenja potrebno je vreme. Preferira samoću. Ako se previše trudite da mu se približite, neće vam se otvoriti. Čak i ako se zbližite, davanje previše naklonosti je i dalje ne-ne.",4,43,64,FALSE,FALSE,generation-vii,45,65,40,60,40,70
"Ako ne uspe da zgnječi žrtvu svojim kleštima, zamahnuće je i snažno je baciti. Hvata svoj plen svojim kleštima i snažno stišće! Ne može da se kreće ako je hladno, pa živi na toplim mestima. Svojim rogovima kopa jame za spavanje noću. Ujutru se vlažna zemlja lepi za njegovo telo.",15,550,175,FALSE,FALSE,generation-i,65,125,100,55,70,85
"Kada je ugrožena, napada ispaljivanjem šiljaka, što mu daje šansu da pobegne otkotrljajući se. Oni zabadaju svoje šiljke u zidove pećine i upijaju minerale koje pronađu u steni. Upija gvožđe koje nađe u steni dok se drži plafona. Puca šiljke kada je u opasnosti.",6,188,61,FALSE,FALSE,generation-v,44,50,91,24,86,10
"Ovaj Pokemon ima nasilno, sebično raspoloženje. Ako nije raspoloženo da sluša, ignorisaće naređenja svog trenera potpuno nonšalantno. Nakon žestokih udaraca i žestokih udaraca, dokrajčuje protivnike izbacujući vatru oko pupka. Iako je grub i egoističan, smatra da je prebijanje nedostojnih protivnika dosadno. Postaje motivisan za jače protivnike.",18,830,239,FALSE,FALSE,generation-vii,95,115,90,80,90,60
"Mala kuglica sadrži hranljive materije potrebne za evoluciju. Očigledno je veoma slatko i ukusno. Sunčeva svetlost ga boji crvenom bojom. Kada se iz male kuglice isprazne hranljive materije, ona se smežura da bi najavila evoluciju. Mala kuglica nije samo ispunjena hranljivim materijama, već je i ukusna. ZVEZDANO pokušajte da ga kljucate.",4,33,55,FALSE,FALSE,generation-iv,45,35,45,62,53,35
Armarouge je evoluirao korišćenjem kompleta oklopa koji je pripadao istaknutom ratniku. Ovaj Pokemon je neverovatno odan. Ovaj Pokemon se obuče u oklop koji je ojačan psihičkom i vatrenom energijom i ispaljuje vatrene kugle.,15,850,263,FALSE,FALSE,generation-ix,85,60,100,125,80,75
"Ovo božanstvo čuvara Melemele je prepuno radoznalosti. Priziva grmljavinske oblake i skladišti njihove munje u svom telu. Zbunjuje svoje neprijatelje tako što leti prebrzo da bi ih oko pratilo. Ima okidač temperamenta, ali trenutak kasnije zaboravlja šta ga je naljutilo. Iako se naziva božanstvom čuvarom, ako ga osoba ili Pokemon dovede u loše raspoloženje, postaće zlonamerno božanstvo i napasti.",18,205,257,TRUE,FALSE,generation-vii,70,115,85,95,75,130
"Ima presavijen treći set nogu. Kada je na teškom mestu, ovaj Pokemon skače preko 30 stopa koristeći snagu svojih nogu. Veoma je vešt u stilu borbe u kojem koristi svoje sposobnosti skakanja da izbegne dolazeće napade, a istovremeno nanosi štetu protivnicima.",2,10,42,FALSE,FALSE,generation-ix,33,46,40,21,25,45
"Njihovo belo krzno je obloženo posebnim uljem koje im olakšava odbijanje napada. Njihovo belo krzno je neverovatno na dodir. Njihovo krzno odbija prašinu i sprečava nakupljanje statičkog elektriciteta. Cincinovo telo je obloženo posebnim uljem koje mu pomaže da odbije napade, kao što su udarci.",5,75,165,FALSE,FALSE,generation-v,75,95,60,65,60,115
"Najslabiji pokemon tipa zmaja, živi na vlažnim, senovitim mestima, tako da mu se telo ne suši. Prekriven je ljigavom membranom zbog koje bilo koji udarci ili udarci bezopasno klize sa njega. Najslabiji od svih Pokemona tipa zmaja, ne može da diše ako mu se koža osuši, pa se drži senovitih mesta.",3,28,60,FALSE,FALSE,generation-vi,45,50,35,55,75,40
Njegovo celo telo je zaštićeno školjkom od čelika. Ono što se krije unutar oklopa je potpuna misterija. Ostaje nepokretno ukorenjen na svom stablu. Rasipa delove svoje tvrde školjke da bi oterao svoje neprijatelje. Obično se nalazi obešen na debelom stablu. Izbacuje komadiće svoje ljuske kada vidi akciju.,12,1258,163,FALSE,FALSE,generation-ii,75,90,140,60,60,40
"Često se zamenjuju sa jajima. Kada su uznemireni, brzo se okupljaju i napadaju u rojeve. Glave se privlače i vrte se. Mora da ima 6 glava da bi održao ravnotežu. Školjka je veoma izdržljiva. Čak i ako pukne, može preživeti bez prosipanja sadržaja.",4,25,65,FALSE,FALSE,generation-i,60,40,80,60,45,40
